row_id,group,true,predicted
aba58f94b84175b530da42cf1813fd7aa1e8d36623d4369dd421e659950fc2b7,7cd061896bf365614899585070d64e8ca01eba3007e4cc0fff606d46e018aecc,0,0
18c077a8354be6450d54925d617ba8c8d7d22e6631b3b61d41b1d540f3ad4007,7cd061896bf365614899585070d64e8ca01eba3007e4cc0fff606d46e018aecc,1,1
5c48690cb8ce4709b1f67244c9db8751f79f2dc3a07e73434a25b454a9dfb0fc,7cd061896bf365614899585070d64e8ca01eba3007e4cc0fff606d46e018aecc,2,0
514b6c95084fefa487c79a37413368ecff7ff25e835a61c5f3ded7de00b3d83e,189b725942269fa13f0c8010f1a1ae5e35b6140971f88afad8950f59b6e7f93a,0,0
382070bff267b452683ccbef23e4bf90b85b14290c72f96e2db0158c07aa636e,189b725942269fa13f0c8010f1a1ae5e35b6140971f88afad8950f59b6e7f93a,1,1
9acba7950e67f14c4236e2bc455e6775c53cb377943bc7e1e34fac18162d9c50,189b725942269fa13f0c8010f1a1ae5e35b6140971f88afad8950f59b6e7f93a,2,2
452cefff73d8a7a8eb97ed01e894c613f44219fbda29193613263476df165c55,26b5401b07735b8338b2b6527d6635691d09344178e00ee9fb5f72569369458f,0,0
e1f8d5f443ece227eb867754f595da06e44cf209b10520fdf5167c39a3fc1154,26b5401b07735b8338b2b6527d6635691d09344178e00ee9fb5f72569369458f,1,1
6c067d7739a0ce08a01d5c4aba1d6184cba0328a4e380153804903f0068daa28,26b5401b07735b8338b2b6527d6635691d09344178e00ee9fb5f72569369458f,2,0
ab8380eb395ad93a9e49027d030d6ab48ae95da80ecf9b2152ad4324b0467c2d,3ecca3a42c4a294f1d7065be1ade445d114f41fdd458a7951d0ee735f98ff850,0,1
f33f4bf750f6aedc5d36f086c3cba269eae0b5b59ff22398755f4d75660da36f,3ecca3a42c4a294f1d7065be1ade445d114f41fdd458a7951d0ee735f98ff850,1,1
c8bac15e53bf43f3bd8145acc5b4ce83e5011399f125fb130edf45befb42282b,3ecca3a42c4a294f1d7065be1ade445d114f41fdd458a7951d0ee735f98ff850,2,2
81c210898912735fc12e9f7fefa513868e5e8333bc8b6eeaf532b00bf40137b8,a532523297f97875508e63c8d82cc8d17d299559ff20d4f4a635eb8cc58dbdcf,0,2
1b4699df96f296e4bd2d4bf321916f4d476ef6e12d71b7248a58f1169e85c0c1,a532523297f97875508e63c8d82cc8d17d299559ff20d4f4a635eb8cc58dbdcf,1,1
d707a1d5a9fd7b10fed345c60eb3bb438e38286930fb92f0f1bf609852c209a2,a532523297f97875508e63c8d82cc8d17d299559ff20d4f4a635eb8cc58dbdcf,2,0
5384c48bcf212147cf010be95115e7422354fb346fa1b7e3c065b8d1c95e65af,e23957d39c5c8fc4d46534e7eac64eeaf976db21773a8b9404e178e61b24e80b,0,0
809d65ef668848d63d02429f6e9ccbc78e6af8516fc08234ee420a33284210a6,e23957d39c5c8fc4d46534e7eac64eeaf976db21773a8b9404e178e61b24e80b,1,1
c300a804bc98d50fde12a6c2a8cabf743c58d5b9162afcb12ff81e0aaeefdee5,e23957d39c5c8fc4d46534e7eac64eeaf976db21773a8b9404e178e61b24e80b,2,2
cb6381e397872b5cbbf2a45b2adc74a604cebf5d7ce011ebb8ab056a08d9a462,23633f91e0201c717975c8bc95e81f26404fa0a32aabb6703561a77f9033349f,0,1
659965b6bd7fb89bd71208eb080c4899da7eab42cbeadbb0a7b4533576cf2cc1,23633f91e0201c717975c8bc95e81f26404fa0a32aabb6703561a77f9033349f,1,1
b97232872c3490a443d6ce7db40f0233273dc281191a56dec028547d47b850c4,23633f91e0201c717975c8bc95e81f26404fa0a32aabb6703561a77f9033349f,2,2
78a83d9c39b5ad801ad44b182ea1a8218ca57ae3b79bc01f625907bd50442e0a,80f96f218a3ed86f4177dce147949abf3b7aaaab106f10ae2d82d8069402e4af,0,0
ebfa0909a7b4e6525fd576e8407504fd3e36ebee5fb8501d3877953c2ba312b0,80f96f218a3ed86f4177dce147949abf3b7aaaab106f10ae2d82d8069402e4af,1,1
4e1cd8af7d04b82116209b533614f14316364afb200275f4364039891cac7e0f,80f96f218a3ed86f4177dce147949abf3b7aaaab106f10ae2d82d8069402e4af,2,0
9d8c1f603d360b5363c361b3ddc0320a0489365d6d904f27c8e6843ac91caeae,32444bdaffd4603d112777b049f433ca3f86a2c248174f496a2acee7b340e6ab,0,2
73b479b2654847e4e0f42f25b3920c17c85031955ed598af5325965586bcc360,32444bdaffd4603d112777b049f433ca3f86a2c248174f496a2acee7b340e6ab,1,1
13e66ee7dc51c833c78163fe720a213bc560f87c7d6f09e09aa2f0b2ce587740,32444bdaffd4603d112777b049f433ca3f86a2c248174f496a2acee7b340e6ab,2,2
b83bbfb4216a422993ccc7f7a35e583e684be1585bb82843c9e5d11da18fb036,e6f55a009bbb0eeff3dde6710c560cd8a1c356962943335c5c134b9984d67706,0,1
afc6d8ba6cc8bdb884462cc255e9679d5f963da22b0224b21fd97cd0babfa739,e6f55a009bbb0eeff3dde6710c560cd8a1c356962943335c5c134b9984d67706,1,1
6c6a7ed8de923a43fc7fd7642f677600afd90dd5df6247083b40c1c830799e2f,e6f55a009bbb0eeff3dde6710c560cd8a1c356962943335c5c134b9984d67706,2,2
a1e97d95dbde943987410428419b5d3c61d556d24c93e7622b76ef7bd9bf2ba5,0e16063daca37ca84176f683e0191f04f4da0826b7c357561e982b88bc216415,0,1
5b18fc60ec882193191af0d3382648ef718f86b04cace7450b160decd76fe910,0e16063daca37ca84176f683e0191f04f4da0826b7c357561e982b88bc216415,1,1
512c42ba855ef4ca7491c9d2f0b8165b5a4baa54a50030ec9923794d9678a905,0e16063daca37ca84176f683e0191f04f4da0826b7c357561e982b88bc216415,2,2
fbbca6e64a1dfff2ae1b7bed2eb886f5e5648704e9f97e7cf22a97053ec8deb6,c8a01f2e4023f5306b15eb84674ea3760e70bae973feb995075a51712d517d4b,0,1
2437a86f27c29659623111ff0e62649790f2d6583e64b399024aeb4cb1fc3877,c8a01f2e4023f5306b15eb84674ea3760e70bae973feb995075a51712d517d4b,1,0
b93c1c820084aa8d01764c2868654e3c737f2e566fa073c97133c213ab345e57,c8a01f2e4023f5306b15eb84674ea3760e70bae973feb995075a51712d517d4b,2,0
c7d2f3a671b708cb0ad1481bb707c00a0e7d036b0bcb8249a95f8ff82128e459,c879111bb905ee2e7b5ff75f6ef72f77206b2cb7d41d235c575da7237ca46db4,0,0
4057b36c0a2380f6eddac4f05b6fcf340b21d04cc0d897390f9e3ea9e439b28b,c879111bb905ee2e7b5ff75f6ef72f77206b2cb7d41d235c575da7237ca46db4,1,1
6d08522568320ecbbc83e6c25ad964bca866f4ad1cb60a1e7538f7f596dff837,c879111bb905ee2e7b5ff75f6ef72f77206b2cb7d41d235c575da7237ca46db4,2,2
f33f091a950273f9cea1669a1229424339c43c116c9e9e0f8a8f3af971d43f52,33a73b1583fbb8c14d470fc971e130fa78027e12c79df7ccd76eaa01d3d93342,0,0
cf57faf1d1edfff5fefa52b8d6891f5aada74f342d63aec60af7c559427a8cad,33a73b1583fbb8c14d470fc971e130fa78027e12c79df7ccd76eaa01d3d93342,1,1
8c68575096e4d7da668f140acc1bdd7243cceeff1aab48a7de9c804f22abc8d6,33a73b1583fbb8c14d470fc971e130fa78027e12c79df7ccd76eaa01d3d93342,2,2
5e9518098965fda1f07a1974810101f1f87fcc263a7ac842b24941c669be635c,29b3445deed48be5108de911640726f567f6ce98c3d664633096e77af9842da8,0,1
fd8628c385f6f76c7acf6eee26fc3dac9842a2c421976a870aafbed235868be7,29b3445deed48be5108de911640726f567f6ce98c3d664633096e77af9842da8,1,1
1f5c363e2d7c51bbad36dce686f16f6bc46019fec3d5734f8d15c382e2733dd2,29b3445deed48be5108de911640726f567f6ce98c3d664633096e77af9842da8,2,2
8b8b40450929062b6298ef8008feb8dcc77c0dd569f310ad24f65da1553772e9,18e943a64a8212e53dc50a862cb2573f975dfa01528b73b07349fe5533e655f0,0,0
debc23e98484c0772c5d5b740409ce9ce63001a2af99154ecf1e81338469bbe7,18e943a64a8212e53dc50a862cb2573f975dfa01528b73b07349fe5533e655f0,1,1
8997f61aab9412e71bdfaf14738031473a42160de0e258f7dd528191a2cfe103,18e943a64a8212e53dc50a862cb2573f975dfa01528b73b07349fe5533e655f0,2,0
062aca745d857ef1d8be093224b3b94c36b1401c74a8742173f6174e93024f49,8061892a408f24bfe31cb59c2cc5d088927ffdeef87a6803bbf3787fb3973301,0,0
6a0029d2ea21d2531812584e5535c28f9af2b0cd3f3db83427b835832ba8f8a0,8061892a408f24bfe31cb59c2cc5d088927ffdeef87a6803bbf3787fb3973301,1,1
12006dcb316849ae02601ab2f49a20cb3abd98e5df2212556db386dc54968a56,8061892a408f24bfe31cb59c2cc5d088927ffdeef87a6803bbf3787fb3973301,2,0
11eef64d8ddbc859dd9f9b04a597781453b3c78d866108693cdc02ecec39e5e8,3a28802ea27e3cd0143b9f1db6aa4d75ee85cafd52a2f9da64bf173a90500955,0,0
7bfb66c717b7f97e316d421faaa35d820225c689c08b13239b2228423ce0c1a5,3a28802ea27e3cd0143b9f1db6aa4d75ee85cafd52a2f9da64bf173a90500955,1,2
c5f262399b152326aded6cd0e714c1d830eee03e1fadc7b082d242831e9cb4fb,3a28802ea27e3cd0143b9f1db6aa4d75ee85cafd52a2f9da64bf173a90500955,2,2
04fcef034543fcc8a7692d05beeb301ea965afdbaffc801475c5ab2965d22f05,6a82ba14c30f801e4760d45b29581381d70e82760d176a2f5aadf04dfd74b457,0,0
9d90470713e0e14d47ab4ccebe89ee3530d8fd791fc78e28313d95a5371d6aac,6a82ba14c30f801e4760d45b29581381d70e82760d176a2f5aadf04dfd74b457,1,1
765b251176ebc7e2166ecbc9dd88c3f520adaadb5f2d4d20c52d80fb4efed052,6a82ba14c30f801e4760d45b29581381d70e82760d176a2f5aadf04dfd74b457,2,1
adc75fb56ed305f18fa239c76457e66572bb6cb3348f373f8ede28241cc0e715,61fed2aa9add0423910046b53eeddc2773be28215357079d78f65b3639532e3a,0,2
e9c367e0265c936d963029bb7752fde1691ea305c6a27eefb8e6e80d82af3265,61fed2aa9add0423910046b53eeddc2773be28215357079d78f65b3639532e3a,1,1
ab7a36e9ffe535017b8e9db6fb5eeeb28767e0c1fda37532959dc76e30ec5c5b,61fed2aa9add0423910046b53eeddc2773be28215357079d78f65b3639532e3a,2,2
a262e4d51a4965414168ff003c16d53a2ffad1a68dca89dab7f5527f8e6539c2,613950b2c7df9c6212413f1bf9234242a78ad5d1624706711a125779519ee8ce,0,0
57443717ed23b92a3711260ad114b2b91b68a56e781035d3364e62a36338ff3b,613950b2c7df9c6212413f1bf9234242a78ad5d1624706711a125779519ee8ce,1,1
f214760e2fef8c0ee55e91ae8ba0d7e5fb05a0b297137a37dac6ff61f0cc643f,613950b2c7df9c6212413f1bf9234242a78ad5d1624706711a125779519ee8ce,2,2
a40b97b4a2fbd77a4ab566b3666b678463e303d00876c37d6a6e27a4cc16bc64,b52f6601ae82faff782696cc2cb207b8ef1d6f864c9233d869b6dc6d6c75980f,0,0
b26089dbb8c4329d2f233ccaad415935ce82c6ffcf0b017f87fcc383395d4c50,b52f6601ae82faff782696cc2cb207b8ef1d6f864c9233d869b6dc6d6c75980f,1,0
77f1dca928018388d4f244a2b7c87d45ab0fabf7940a289c6e60e4f66604a086,b52f6601ae82faff782696cc2cb207b8ef1d6f864c9233d869b6dc6d6c75980f,2,2
8f3f9e91150f57fb570326266b9c110a4cf72fa3ddda75037ad68de88edba17a,b6ad465f53702e4db4b310f0f2dd43438ba35112a5121f27c257c70245d764dd,0,0
971cede42738fd30652376a5a40152a2a5f8e7f289aad365dca94eedd11efd80,b6ad465f53702e4db4b310f0f2dd43438ba35112a5121f27c257c70245d764dd,1,1
754082c29770fcd2c36f43aa7dc61d19502065b1d43ee3cbabc7f537a798811b,b6ad465f53702e4db4b310f0f2dd43438ba35112a5121f27c257c70245d764dd,2,0
4bca2af808d713ba1e0a2df36298d12ac5685c2fb7bc33c8823a8d59f935043e,c9a35011b495e25415df3aa16460704272f0ddd529398c14bb58061921d7f5a7,0,0
916b17db10e82b3565831526dd425af5d5868fdfe2850c84316798f3f7705c80,c9a35011b495e25415df3aa16460704272f0ddd529398c14bb58061921d7f5a7,1,1
068ee82cb105bfc67824c885b46608e5be7c430f721941fe83094a08082fcd6c,c9a35011b495e25415df3aa16460704272f0ddd529398c14bb58061921d7f5a7,2,0
760e9d63c063afdb8f4136e49635809c07ef487ac4e8769d10a0df0090767210,fb3f8ff9a44b389686b0dd42a6e0adb414bcd0d1faf7a3cf9e4f8bb749f6c5c7,0,0
53cf30a53e045f953a657be7dd6ba07406f7a641b4db26a94f0401ee1db0fed7,fb3f8ff9a44b389686b0dd42a6e0adb414bcd0d1faf7a3cf9e4f8bb749f6c5c7,1,1
801b47488c9de80f53c7966056b7ba8a7f9f6a2d22bff55dc049b9b0e1e2ccc6,fb3f8ff9a44b389686b0dd42a6e0adb414bcd0d1faf7a3cf9e4f8bb749f6c5c7,2,2
e8cbdb8eec50eb59d9f77113d5923da3f349a91e1ae34b81167a84e282d555e0,17964a50088437d508c7ec01296a25be24fb9ebb0a9e506ed38af82aa4bf16a2,0,0
f16ec227eb4190f793ecc5aecbf3c0336723d519c71986f183905a2bdbaf418b,17964a50088437d508c7ec01296a25be24fb9ebb0a9e506ed38af82aa4bf16a2,1,0
daadc7a4be1055b1fff5351c65eb41c8145df465f9a4e345ef8eaca5dc023de9,17964a50088437d508c7ec01296a25be24fb9ebb0a9e506ed38af82aa4bf16a2,2,1
95f618d821005dfa2bc978c14711ba9ad4ebbfabf6656b47d1cd9674b2e51956,5807dcb3993921b129504c9799dcdafb97baea8d48c59477d0ae6cb55d639562,0,2
9d658678725881bc577e726f3114d161883abc30d050bc6146c8200270649d2d,5807dcb3993921b129504c9799dcdafb97baea8d48c59477d0ae6cb55d639562,1,1
4318b7acbbc98ad4354eed4f2e4798d10d27d0c987ea1b1d2776e38241d6e6fc,5807dcb3993921b129504c9799dcdafb97baea8d48c59477d0ae6cb55d639562,2,2
bada8790457f8d4ac7f031bbb78525eebe9b0130bc4a97a275653a73751aa90c,1ab50244be2e62802e70b1e2d98efd5694bf905189a1fd0122ae281d7b8285d0,0,2
e4d65cbcbf7f2b2c71ee7aec1e53d5338627e00a4763981a872c9af5c3e45ec9,1ab50244be2e62802e70b1e2d98efd5694bf905189a1fd0122ae281d7b8285d0,1,1
f16f13693d2aaa3e9bc2ae041a5af0fd143781a3e859ed6b4d575446d0f82129,1ab50244be2e62802e70b1e2d98efd5694bf905189a1fd0122ae281d7b8285d0,2,2
39a8083a386cec4c9cff4febbeb36ffc6987ede7bddbb6819fbff8c8fa25760a,8408b5feb2240f5dab48085fd16da5b75827b91131e35f681a083668315dc309,0,2
33276b1a61cb54154c1eea451da6777e2332e3bdbb585d679ac452dcc8dcd057,8408b5feb2240f5dab48085fd16da5b75827b91131e35f681a083668315dc309,1,1
43e3194a377154c7dafb6286139dd67f9ba531c1991eb5fd9a62ec75224b5448,8408b5feb2240f5dab48085fd16da5b75827b91131e35f681a083668315dc309,2,2
bb68e2c43119345ec3448fb57543821dc9bfd303510f881da972e43f7d879abc,914c4c0b2ba41d5f06f787e52632f1758211a729c351ad53e96f4d3108378be2,0,2
02ed4c87fecd51274c54ba9a69e8408e98880f2e07c88d0b5b8c9a5bda47c892,914c4c0b2ba41d5f06f787e52632f1758211a729c351ad53e96f4d3108378be2,1,1
6c797ff5a55bf24743342189835093eb26cc12e557d20806067b45fe9e683884,914c4c0b2ba41d5f06f787e52632f1758211a729c351ad53e96f4d3108378be2,2,2
21c6f7e214bf4b0e6648753637fa6d82cb02f6837c49663204957bfc080ffdbe,e99f7cf4f3cc2eb05050631dca7b3e0dadeb6e8617191954e48b170edce6e46e,0,0
298eae5830ec4a6c842abb5d7527c83abaa841aa499362848ab9789aa06307a2,e99f7cf4f3cc2eb05050631dca7b3e0dadeb6e8617191954e48b170edce6e46e,1,2
b38f6dc5554dc8ce8bc9ba09a47245f065b5e7dd42ba9e8e4089c0cde1239a91,e99f7cf4f3cc2eb05050631dca7b3e0dadeb6e8617191954e48b170edce6e46e,2,2
841ba0a01aa48664364a29644162b2fe585a447e4d4678743e79d628e9adab85,38a28bcf78772c5e50f56d7fefb42094c640dc54798b29032df19bf89022ce56,0,1
febfbe3af87caf5e449501cf198f732451996fba31e975c5b93dd6a8780f4d8d,38a28bcf78772c5e50f56d7fefb42094c640dc54798b29032df19bf89022ce56,1,1
36f9e43c6d85b004dd23e7673114c2c9f39ef1ab98726089d8128f8ed0011903,38a28bcf78772c5e50f56d7fefb42094c640dc54798b29032df19bf89022ce56,2,0
9558a07f6fb1b629789157c20322432fea294ca4cd673069a1c308cce7dc4cd6,7c0411035fc7fcdd4c195eadef62bdc5de9c08182855ed8d87b2ff91eded2498,0,0
d2ab8587e7eb48699d33259bad22576d2e92c30a76858d4c1c82dbe6c42367b7,7c0411035fc7fcdd4c195eadef62bdc5de9c08182855ed8d87b2ff91eded2498,1,1
51cefbdf0c674a531228f4f21285da107697ff66dd220fcdb895ae95511e41f2,7c0411035fc7fcdd4c195eadef62bdc5de9c08182855ed8d87b2ff91eded2498,2,2
e6c9526910251418ac75783d99928057bb4ca772607ad9b4a771dfd469ba9674,429b19325b17db8f84bebfa8bac95501a720b3d12c9f7358ea783dab4b8543f8,0,0
3b18f57da8703082eeb0a3f6720fb70a49f0cdbf865831956d43cab63723af1a,429b19325b17db8f84bebfa8bac95501a720b3d12c9f7358ea783dab4b8543f8,1,1
842ee23d5b03814dda3ae132fb0d55a27e95d576121b505bb0709b724b1ab566,429b19325b17db8f84bebfa8bac95501a720b3d12c9f7358ea783dab4b8543f8,2,0
d65fa86bcc7cae4d4ce6fd4df54ee1761f61fc38f8d9b836447660220a46d551,e73f935750632e0ec77254c99e9fb8d2d9312b3d9040b79fca5b53ad6c349941,0,0
a423b6a94aad395da5266ad4f83b27f7e8e403be74aeff616264cf703ebdded4,e73f935750632e0ec77254c99e9fb8d2d9312b3d9040b79fca5b53ad6c349941,1,1
74540bccff0caefe29d638c0ac52b0e821af1d4151041887749750370eb41105,e73f935750632e0ec77254c99e9fb8d2d9312b3d9040b79fca5b53ad6c349941,2,2
be4410e20e6bf1dee51e6a8922e247b8af51911efb67e325d7c54ad1729c139b,5e725731b1b1499dac94cc644deeb95e1dd47a2ffa95ec36ecb1587bb7441daa,0,0
98700f346d0e366c12c9a10a387cfd89e6d16a2f2b6465adef3a1408a29ce85e,5e725731b1b1499dac94cc644deeb95e1dd47a2ffa95ec36ecb1587bb7441daa,1,1
3ac50228308d65fcebd44a62d865842434d484318dd7ac3231cef22273945e25,5e725731b1b1499dac94cc644deeb95e1dd47a2ffa95ec36ecb1587bb7441daa,2,0
b9f56dc88a34afe1d5d3d3aa44c81dae4cff7f37d7a429f06d0286f3d402692c,7f6b25218bcfe63f206fd5ffb23f1dcc1df3f44e15371211740aa5fa3dea052e,0,0
e3ffd9b8a28677485317f2eb3ff26b1d19f14f02e26c7f2905e25c2f33e17616,7f6b25218bcfe63f206fd5ffb23f1dcc1df3f44e15371211740aa5fa3dea052e,1,1
e23fe476d43e243dc34ec07b4dd7b8d2a1a5566e798117f4698efbc44ccd622e,7f6b25218bcfe63f206fd5ffb23f1dcc1df3f44e15371211740aa5fa3dea052e,2,2
d7f9bbbe111cfd99afcbbdb875f6eb7c958a6f470da3dd68e3f5f91dea23eed7,1adf9e40ab5bf16b8f680835d68edbb10f86a2b1174d1673238b33503a63b312,0,2
51d59256dcc2439b0877f6647296235160aee81126a50e412cadfca61ffaa6fa,1adf9e40ab5bf16b8f680835d68edbb10f86a2b1174d1673238b33503a63b312,1,0
f5988f0a0b7332936fbc4969e11c5543eead831593559fb78081a24bddf1be4a,1adf9e40ab5bf16b8f680835d68edbb10f86a2b1174d1673238b33503a63b312,2,2
e0145e634b3406eccd9fbc7fe9f60e7b1f74ec211616c5c910f1321c18dbd097,63468c02e069e2b83409efcb018a4401bbb60a7fdbef3aaabad14e58ca915913,0,1
29c41d4b4012dc1797d461adf9dbb16edbd310f8c3b0072394c10ab50dd3e74a,63468c02e069e2b83409efcb018a4401bbb60a7fdbef3aaabad14e58ca915913,1,1
5c57db9925b99e1b78b1d4c80e38d9ab2a2ee5a81efec2ca2dadb1b1a9238c65,63468c02e069e2b83409efcb018a4401bbb60a7fdbef3aaabad14e58ca915913,2,2
1ff38acd61896725732e5fad22b13ec1aff82d1200fff8961aef5daf7635e76e,c25ff02529586eef6366fbb2b47be256294271615dda1126fe1a90578233d32c,0,0
4b600e8533cb2528ef94c0adec99e3d6550cab39e3740a5dcf531af44a483aeb,c25ff02529586eef6366fbb2b47be256294271615dda1126fe1a90578233d32c,1,1
51c415da3b38fb16b40be3c2b2a5202b4c43efbf36ef29f4072c4be7ce5693a5,c25ff02529586eef6366fbb2b47be256294271615dda1126fe1a90578233d32c,2,0
0bba5958a6f73fc8f0b65562ccc7288fa22c2a1463cefc0285d886eb84b26d56,89f1ee45e4ce31068d32a49838ae6bb93e79c36bd385439684f93a281e7cbfe6,0,0
22a65fb489e69818385ed079967d8e2a9ff329b80411d97476856573f995fde8,89f1ee45e4ce31068d32a49838ae6bb93e79c36bd385439684f93a281e7cbfe6,1,1
c21d4ee9cbc8f307f92a82088bb237e92035ca12ec1e450ae76bbe6abf3febc9,89f1ee45e4ce31068d32a49838ae6bb93e79c36bd385439684f93a281e7cbfe6,2,0
479fc45edb9cf5e972ea39c67d400ce3f958e0acfaef3f52dbfa58c8f59a265e,c435d3ab4c1969568e07416543b61b93f52e232a568e83b0d9f6c674c6399a1b,0,2
b37047ee9237445fe7f907d946ce3d916de74d411ee7b112ad65af4174a12a6c,c435d3ab4c1969568e07416543b61b93f52e232a568e83b0d9f6c674c6399a1b,1,1
8a66424fbe461540235d827d29b599ef7c63bdbd9a931b8d1339ef7a246a656c,c435d3ab4c1969568e07416543b61b93f52e232a568e83b0d9f6c674c6399a1b,2,1
001164621826a8c516b1b1222404b41944e6e83830335499100a531a3c73254a,0b59359c420b6fc69149ee9b6d22a56987cbbaf377539e0a1b6cb6c519a6e473,0,0
3ba4591c45d62da6fbe26c41254573d8d3d600080fa7cc9b27e1b221fbbb3149,0b59359c420b6fc69149ee9b6d22a56987cbbaf377539e0a1b6cb6c519a6e473,1,1
2e736e289ac1286ce2a70a09b741bf89a24db7d6a9692135493af1296bc66200,0b59359c420b6fc69149ee9b6d22a56987cbbaf377539e0a1b6cb6c519a6e473,2,2
500953d165f25d020c86abacaa539cf02bb8f46a136d5d416186735bfd2d8627,b6df3e6261372b42f6b74dca945a55952a51566fe2878edf2ffda626ca824b94,0,2
f71db08fc5023a327facbb1e2792f53174b7d4cff2e282f25dca94ee2e50d7f8,b6df3e6261372b42f6b74dca945a55952a51566fe2878edf2ffda626ca824b94,1,1
24cdf2e10e9f3b8a4036391060edb0e31f37492d5dcd10d8acf2e95755e5d4c1,b6df3e6261372b42f6b74dca945a55952a51566fe2878edf2ffda626ca824b94,2,2
112c0d45e24122c1b986f4e4d3eac92fcb8efe36eaaad36affd1d78f025f98ec,333d6d39c97a358c258a4ec1e41cb22e462e90c019e48c3c38782fd450ae35a8,0,0
6515e45b38298cc2bbdb5778d0eec91a0b699dba6d70af6a0985fbb6eeb050ba,333d6d39c97a358c258a4ec1e41cb22e462e90c019e48c3c38782fd450ae35a8,1,1
c363c55c9e26c4afad26299d3778de944a28403c31b82fcc22217e7a32ea12c8,333d6d39c97a358c258a4ec1e41cb22e462e90c019e48c3c38782fd450ae35a8,2,2
5264abc4f8c7d6cd5a6798f82e8646e70de4d43e7ee3b62f86d5e04b7e33537f,193358c6c97b53c119d4b86d48da3a8a2e2847d57b414c3158f078fac0a46850,0,0
b0855434d2751b2b632d9d269995c9ca4e62b54b1bf47408674a16aa20dd4ea7,193358c6c97b53c119d4b86d48da3a8a2e2847d57b414c3158f078fac0a46850,1,1
421510654fa4c29afb5be6ee59154e0be3a5bd07e3c2d6a282ebb9ba3338a81a,193358c6c97b53c119d4b86d48da3a8a2e2847d57b414c3158f078fac0a46850,2,2
22d5b30410e609122bde33e949aebdb0eba7e07956c06c32c316f88373d08160,67126240faac1097ed7881d85fcbcf25a6a64a54fe3f7e5a1ec5eefdf9ff8521,0,0
83fef42fb55a5cfa29bedef1a7474a6448a9746f9de1c667831f271dce2457f0,67126240faac1097ed7881d85fcbcf25a6a64a54fe3f7e5a1ec5eefdf9ff8521,1,0
4987086758257b43d47a9837f5cab1f8af915598514f523a5580cd2aefabe781,67126240faac1097ed7881d85fcbcf25a6a64a54fe3f7e5a1ec5eefdf9ff8521,2,0
b9e1b379207726e0463fd77e1e44de02ff71fbc4c91d812abee21d8aeffb7638,028371a2bebeebca0db1b82763a5e509459c1441b674eb452437c0e76dd1368f,0,2
573d07cc7d5eb59a7b8e826b7889166603c61f5da3ecf5f59ab859fe9d8a7ee9,028371a2bebeebca0db1b82763a5e509459c1441b674eb452437c0e76dd1368f,1,1
254509db68968a2ceccc61d64690683ecbeb50ba6088497fef14c3b321aaef58,028371a2bebeebca0db1b82763a5e509459c1441b674eb452437c0e76dd1368f,2,2
d10f0922313564baad6a3d374ed9f749d6ab5fa0c754b9cf9507eead8e3d6217,3f262562a75a1c48be6603c059a56917d067ebbf5429cfb078ffd33890b1640d,0,0
29d0e2943521e33ba888c627e16fa3dc3449a180d713f9d30bfdeaa7103331ff,3f262562a75a1c48be6603c059a56917d067ebbf5429cfb078ffd33890b1640d,1,1
355552df249760ae6d30f7b3abb723e654a123cbaa59a5c012ea68f379061455,3f262562a75a1c48be6603c059a56917d067ebbf5429cfb078ffd33890b1640d,2,2
922f79c67594469014a6de14f75e1939ee66deff8d8e86fc3d9704c443675715,1bddec225b8fa626996f2d110c3cc5837fc00e38f7b6e4d814ade52f98fe6790,0,0
48b84bfa50a29eaedc4f13dcf563b3179943de8b3b8c9021f0526920cdf9a825,1bddec225b8fa626996f2d110c3cc5837fc00e38f7b6e4d814ade52f98fe6790,1,1
097871e1a3188e60b09f189435181b54bee33f38bf66af79ef686285addf6a3e,1bddec225b8fa626996f2d110c3cc5837fc00e38f7b6e4d814ade52f98fe6790,2,2
ce08e2295947f57d4aa0b54eb6e6d6028735c5ae4efa2b412203015e262e70dc,9a2ba9d1622e2476de43b203270c8fc3698d9e5f40d71db3ea21d9fa2929445a,0,0
44b03d2f81210035a61541b429c668d0d477069af3cf5e751a0fded5c520ece0,9a2ba9d1622e2476de43b203270c8fc3698d9e5f40d71db3ea21d9fa2929445a,1,1
e73ad6557d234b60cf8f0d4f491016adbf86368ace3da49ec9bebb9457541fc0,9a2ba9d1622e2476de43b203270c8fc3698d9e5f40d71db3ea21d9fa2929445a,2,2
889b739559ea29a833ea2eb8e17b089ce001b4fca0909e63cec4a7b1ee6a2d29,ce97cee7fd1fef7fed5b1073b048b15fcf41979c3ec0d2ee0acfa0fe373fe56f,0,0
4d6b59a1bfd1412cd681da98182e541f024ccc955f0e6f51653e5032dac3a61e,ce97cee7fd1fef7fed5b1073b048b15fcf41979c3ec0d2ee0acfa0fe373fe56f,1,1
43421e00ecd3646ed9597c1a55887181fae660078cb6ec5290d50bd4d80917eb,ce97cee7fd1fef7fed5b1073b048b15fcf41979c3ec0d2ee0acfa0fe373fe56f,2,0
107e6495c8c26d9b3713cbb9c0ad15a0e267a623603dcea6396111bc63898bce,b0f4a6de52a3f14829d12d837f329f488969eff77d182b02941908a9dc953079,0,0
6c1d0025d13551bb8d88e5e61471c40bcaf70fc5c41f33ede169be4a85ff834d,b0f4a6de52a3f14829d12d837f329f488969eff77d182b02941908a9dc953079,1,1
f30b8faee5a6a0358c7156e3667726acb2e0da357a2138f01aeb0a790d85aee1,b0f4a6de52a3f14829d12d837f329f488969eff77d182b02941908a9dc953079,2,0
7da24b0678d6c7da829c873cdb47cbbeb4f8defb953f9619f9ae6090522a0964,e0dc351cbfe2bb94d2a84d95951153b17d3e588b3cbb7360ca7fd93bb94b1265,0,2
c370f4516d6c7e0c7b48ee700febf755a1adc7680b65e44d08e4d6328e4748df,e0dc351cbfe2bb94d2a84d95951153b17d3e588b3cbb7360ca7fd93bb94b1265,1,1
4f5c53dc5c735b4b80231f4c2347530a37acd823af6574f334c69c728154c041,e0dc351cbfe2bb94d2a84d95951153b17d3e588b3cbb7360ca7fd93bb94b1265,2,2
6ec14fa04fa2e00a9e3583854a7c1ed856e6f83254c5c63776fc0805e452d28a,2b779489bdcd21dfddf53d6cf8ad1782d3323e07d31f7f59746a43900befb0a6,0,0
f71c277c235ad8fd64bd738255199a0a67a7ef37e3f9655f7338e6f0d7095244,2b779489bdcd21dfddf53d6cf8ad1782d3323e07d31f7f59746a43900befb0a6,1,1
79cc6f6cf55a13544806ede0dff4e65888dc5b4fdf1ff821251b3d57a4613f12,2b779489bdcd21dfddf53d6cf8ad1782d3323e07d31f7f59746a43900befb0a6,2,2
e57463b8b439a066fde9e9521c2e69e3c9e85a6121374b847fa7ac44d2f7709e,5e37878f04ffd6f8140c05ce944f202959c64c65301a05c955dad37176a9847d,0,2
fa6fe4188353a093dc6fd23ef87162cba1e16fa2574bc8a6418c31f8084c7ce9,5e37878f04ffd6f8140c05ce944f202959c64c65301a05c955dad37176a9847d,1,1
1035cd9d14213836b94981bfc91e1bed597f373ccd25ebcf1571616c201d52c0,5e37878f04ffd6f8140c05ce944f202959c64c65301a05c955dad37176a9847d,2,2
7f85107853f14c33ada463c6e05222fd9945a9652b233b732580d960ebc3cf17,4d623003203841574001ff50a87d8a83ed438656fcfa95f386a15b083c11e638,0,1
a13d40b12870a784615ca33b111fa6918846a5f6caca0208487a285ca048189d,4d623003203841574001ff50a87d8a83ed438656fcfa95f386a15b083c11e638,1,1
cfcc61fd7cfa1df6d67a46bd4617f3935ffff917a5d25ac165aa3cbc36a1a7e8,4d623003203841574001ff50a87d8a83ed438656fcfa95f386a15b083c11e638,2,2
e921aa7b86fd8124826bbd92a2c25080024ba2db6e91d66e606ecf5be9023e3d,4f9c177ada8a56eda4f8b203d958f3a40ec9569a3e14aa67e75aef3ac98f241f,0,1
6b0e1e0f163bf392b3928109e03ef9dbc00dc68c45a4c0f1aad30ed53b9172e5,4f9c177ada8a56eda4f8b203d958f3a40ec9569a3e14aa67e75aef3ac98f241f,1,1
0a56d61b2c6f24c01e8faaec2792112af75a9471c4a15c041b743b2a0e104c92,4f9c177ada8a56eda4f8b203d958f3a40ec9569a3e14aa67e75aef3ac98f241f,2,1
4d5bebd8f922da459f73e120fe6883d477037fd37d47bf2d54bba611671c25b9,7772fa6f765eeaed4969a5a02c17341e13cfbd18c60fa252caa7616ca1cc3e47,0,2
af013cbeffa80f21d48bf6ba79bfb3442439297bcb8c962a58af8a524ae75fb7,7772fa6f765eeaed4969a5a02c17341e13cfbd18c60fa252caa7616ca1cc3e47,1,2
c2df2a329b08f42e50cb4b4d5309d2c0b1b85589b1b6c0f35f96322e432824ea,7772fa6f765eeaed4969a5a02c17341e13cfbd18c60fa252caa7616ca1cc3e47,2,2
949b12e622b88cc7a0ffc78e373a3e06ddb7fe32ae1accbb5f73889d843f208c,bd117c216fca30852fbac7ccc0fb33852ddef76e1106cc21e77a1b2976ddfb5a,0,0
76aca3f6996bb2b40cdb9c253c8eae1ce1385bbbc172bb0cf147ea39e5260b74,bd117c216fca30852fbac7ccc0fb33852ddef76e1106cc21e77a1b2976ddfb5a,1,1
ee89cb1bc39e8447f7bf5896f0cb3e1d0a363316757b7a6fb0e5dc0c24754e9a,bd117c216fca30852fbac7ccc0fb33852ddef76e1106cc21e77a1b2976ddfb5a,2,2
7614eb3c14879a4150c13ed41a7eb58148a8cf00f1718eff3f5d03cad8dc6175,7dbf123a0b0661b577ef7d1ec5cb4dfa5c8abd721bb27cee02037722f8b8ab18,0,1
a8bcbaf8350e3bc93e163721319937222d3950972abfb86d2e94ede5b4ee4610,7dbf123a0b0661b577ef7d1ec5cb4dfa5c8abd721bb27cee02037722f8b8ab18,1,1
0bb40ecee1f26c7a0a977d061436b36f069361bb310aeef27abdaf808b890a27,7dbf123a0b0661b577ef7d1ec5cb4dfa5c8abd721bb27cee02037722f8b8ab18,2,2
dd039cd74d117046613ea2d42728f85d1ab5df2ecef5e4d9ed1e77014c4ab54a,ebb93ac5335a9262a4985760765c5b7f609867f7da808a513734d3b27e002a4d,0,1
6fb9ac16ab4460d40d6f8279f40ae061214d8a077c14049050a1e9dd617943eb,ebb93ac5335a9262a4985760765c5b7f609867f7da808a513734d3b27e002a4d,1,1
5e34efb3b021489c4904982f6d331f6b31e848cc918943b462fcb2bf555e9b78,ebb93ac5335a9262a4985760765c5b7f609867f7da808a513734d3b27e002a4d,2,2
a64a3485b46a94b578d9fe6c9871888d35ea22952bd2145acd8d724766045299,8626383581d1fcaf188d5e5cdb629f7d497cfc3ccef5f0289771b4630da22018,0,2
afa2645cf266e7c6353ce990c68d89df7146502cf7cb6f7af451eac49350b76d,8626383581d1fcaf188d5e5cdb629f7d497cfc3ccef5f0289771b4630da22018,1,1
438dc585faae86141ece55279c48ec74781e2882de71cd31ed47ab503cea47ca,8626383581d1fcaf188d5e5cdb629f7d497cfc3ccef5f0289771b4630da22018,2,2
93e177c7555f632f0e82fd35510f0fed2a4343f6b40ca984e228d8ebd84af1a9,2f45ae5888d3b8f3d9197b0dcbf53e0a35a15003c4e8ca28df15986ef29c210f,0,0
e094c32edbe52a5887435ef4e21a681db666438f3d792fcc1e5794b7995208ea,2f45ae5888d3b8f3d9197b0dcbf53e0a35a15003c4e8ca28df15986ef29c210f,1,1
42da4d51ec126933c0eada5b2d5758fc53e18d5bb3c044ea67bb7d4aed335d3e,2f45ae5888d3b8f3d9197b0dcbf53e0a35a15003c4e8ca28df15986ef29c210f,2,2
b1c1e1ce14237815b7c1cbe3f9e2927535166ebd060c10d94b2f91c7f9c63c94,f31176c6993bacfc28fba1200424ee61b7c35a2828f0a0a3d54b7c2f7ddb41d5,0,0
2d6b44f01027a075283b361c395e7b651b51dc8d55913cf0072f09fcea3536a9,f31176c6993bacfc28fba1200424ee61b7c35a2828f0a0a3d54b7c2f7ddb41d5,1,1
bd26564ef21cc9095d72911352128ac12012076f2735b1dc3da65985ad2f8463,f31176c6993bacfc28fba1200424ee61b7c35a2828f0a0a3d54b7c2f7ddb41d5,2,2
c0b418d13e531b97b664c7b2423d1798c573dfdf2b39cee5e3857accfff95f78,ebeb5babd5a9cd24ef05d5d516b29a224c0087d75c7fae08efb84c1e48498f11,0,2
eb770b03893f6f0e7bc1a601d59f73e93cfdf49960f3ad1ae018d4b82388c7b5,ebeb5babd5a9cd24ef05d5d516b29a224c0087d75c7fae08efb84c1e48498f11,1,1
5b7e338761c01ce86c83232eda353165c971a629f95a3cfa332249f2ee388f8f,ebeb5babd5a9cd24ef05d5d516b29a224c0087d75c7fae08efb84c1e48498f11,2,0
f6f2cb2f159eee7549b7dcd81ed2f181c7f31474cbfec74587e53675e9e695c6,2e04c6448b3282fee25e314e0d89f555a089034372355ae4ce7752d18f34b2a4,0,2
e98d210e92fb583dd9008d6379f77b6f61638dc684c91d8c5c9c29e84221cce2,2e04c6448b3282fee25e314e0d89f555a089034372355ae4ce7752d18f34b2a4,1,2
782da41f3a718804c569aa5e434a434426499a5bd57f9e60b9f301d964eab032,2e04c6448b3282fee25e314e0d89f555a089034372355ae4ce7752d18f34b2a4,2,2
212b3bddf7ad760cc2ca67cfa7c7861b763c8368b6b8f0f2f6539e224379fa70,4b25eb707f37137a224fecc7b6921e511ce3b3d8797130d220690a748b30bdc3,0,2
6c85c5264461c770dd1e86fdae762668d3e23a99d2fcc56132f5853947be5e96,4b25eb707f37137a224fecc7b6921e511ce3b3d8797130d220690a748b30bdc3,1,1
be2e48a9c8da0f8b301f4341c79b1a2798824b81115a067ce50818436011d83f,4b25eb707f37137a224fecc7b6921e511ce3b3d8797130d220690a748b30bdc3,2,2
6a94cb6bb399d9716d912d0d49e76e874f95daf2539cfdeed272c5f7d5cb7eaf,e3a5aa81441258cc18008d55a31e94f87ceb1851d7ca0423427a5f8f281a91b2,0,0
13c74f2cad16c387aa6b99e7add0d4b400ece166f656771873bf75b9be9b49b3,e3a5aa81441258cc18008d55a31e94f87ceb1851d7ca0423427a5f8f281a91b2,1,1
af457955a1ff432dc1116b0095f6b9657c915da5a55f6fa3a5c16ec2cfae9ea6,e3a5aa81441258cc18008d55a31e94f87ceb1851d7ca0423427a5f8f281a91b2,2,2
12c8296ac63f8f0f362cf3d0f8ed0a7c810c77b00ca4d5d7fc708e122743a728,9a186665cbd21701fa80e380d4b6a4b304287656a262374a2cca988a0595d203,0,0
559b566062f8a283bda14b8b596336f35a8365851e8fe097a3362aeadb33f4c4,9a186665cbd21701fa80e380d4b6a4b304287656a262374a2cca988a0595d203,1,2
7cbfb606233b0397665396fa26e3b1da7094e9c08cd38d1adba5f5626cd81c89,9a186665cbd21701fa80e380d4b6a4b304287656a262374a2cca988a0595d203,2,2
17df5f27e983c73f4deabd4515334d84d3a67e7e45d6691d72f68f62748f9cfd,7661d594e9ba39509a353c385dfaac4841bcd080cf2fdbd0d5f81a4dce174d37,0,0
bf057d9c3b45ddd14cdd275b61ecfd932cd4d91c94e458233bb6063b3cca6d20,7661d594e9ba39509a353c385dfaac4841bcd080cf2fdbd0d5f81a4dce174d37,1,1
43df7c2e38e3a7cf37d8015bf97ca258baddd4975d3c0df5546001fe40664dee,7661d594e9ba39509a353c385dfaac4841bcd080cf2fdbd0d5f81a4dce174d37,2,0
7e11c1381af9d94886ce36c0ad22b45c54a40767e2a4c954406b78854c40cf29,1e6d4d09d834cf1b261278c48b9ac96e1334703eec097dfe0ea7b4285d9cb4c7,0,0
a2d6dc027a11e28450275627a410f0a619532dd2da459651927c76bf34d2a6fc,1e6d4d09d834cf1b261278c48b9ac96e1334703eec097dfe0ea7b4285d9cb4c7,1,0
9e179493f047982e536a57d21799a0fac63d0c12df35ceaaae1c63b8244bd6e8,1e6d4d09d834cf1b261278c48b9ac96e1334703eec097dfe0ea7b4285d9cb4c7,2,0
5d7dc5bae7d177ff716f8972ce3b1e1755f82caea23e79f9edd94de8261e0d15,2df78ebb9871412b420137ea1f1d29daec8b6bf02f98dfa45488a5c0ef8d8fc4,0,0
0e16d4f1a7c65605e9c8dad399326e5704d07c3e35d16c686bea322106f5df1e,2df78ebb9871412b420137ea1f1d29daec8b6bf02f98dfa45488a5c0ef8d8fc4,1,1
6b23c733877e291d0c71ae19b12104e4782cc11fa892bbf94ae34f8d2095bd4e,2df78ebb9871412b420137ea1f1d29daec8b6bf02f98dfa45488a5c0ef8d8fc4,2,2
55afafaf600181d516e718439bce90d4bbb1bb4dd048d3351a090ed1b8133f09,68ea9b1b4e416d4a9177b4e59505a46474109416bcf8e667efdb68e798620461,0,0
3c46ddd16726b3ff97498f6ca604a8c33f468ad8d77bc5920c01d21a4e1c2517,68ea9b1b4e416d4a9177b4e59505a46474109416bcf8e667efdb68e798620461,1,0
5ae359e60f71bcd32b68068a441ea351272d6908ca63c80bf66b9b34f602726e,68ea9b1b4e416d4a9177b4e59505a46474109416bcf8e667efdb68e798620461,2,0
62ecab0b320e01d3cd58e243a9b97f8c96cd6159da7656ece50e520486bcd418,35be85bbe6e2afa8ab19ba198e17f4e90259af86b2c5779fcf89859d0fd1c00e,0,0
75b30a189f76e1cb9a60950c28ada52f806dd1e62b77d91e97561e2fe6930754,35be85bbe6e2afa8ab19ba198e17f4e90259af86b2c5779fcf89859d0fd1c00e,1,1
6d8cf878e51fb0a27d6b786957420f9d8dd2aa09c5c5d598c09952faf7482afd,35be85bbe6e2afa8ab19ba198e17f4e90259af86b2c5779fcf89859d0fd1c00e,2,0
b91419f66d1beaff40a41ea86089d34ea1973ab1fd99aca9e1551e125ce0a6b1,39b621ab94cbb44189a81de64a789ee3bc8f03c2eb6774ec904c153daa0c6350,0,2
37feb6b6c3968f302093e9620047dbdad6012d61c8f350adf45a655106371e75,39b621ab94cbb44189a81de64a789ee3bc8f03c2eb6774ec904c153daa0c6350,1,1
b9b036fbed225d672f3512d5c337ff6f3d9c7bf4de11506790e274686f5ad709,39b621ab94cbb44189a81de64a789ee3bc8f03c2eb6774ec904c153daa0c6350,2,2
9afe17baa603da7cab1ba9bb3455cc94cbf0c6a0d5609c921764a46d585efbae,f2cf2f9c7b72e007274f0a68d1442ef5975a6c6baaf34c7ceb81ad3de8f8a589,0,2
26a608a944645eceee5678993303bde843f06f53707f3206258b4b4f994a0ae2,f2cf2f9c7b72e007274f0a68d1442ef5975a6c6baaf34c7ceb81ad3de8f8a589,1,1
cafb8a0c9f0e7ea8e5bb83eda99258ad0d2b2f6cdebabf2c658c50f12bf2bdf8,f2cf2f9c7b72e007274f0a68d1442ef5975a6c6baaf34c7ceb81ad3de8f8a589,2,2
20562ac3c7bd5a069f757573830a5184b4e4a3fd7a88293f99c0aaa9e066b228,43d9c11e54e6935a7f52d77d95c86c9ccadc156bbf212a246d0b05d33720bfdc,0,0
eb3ec795ab19d34a1996fcadd3728a75d4f5183ebd9847027e454601a78358f6,43d9c11e54e6935a7f52d77d95c86c9ccadc156bbf212a246d0b05d33720bfdc,1,1
bc07fa29442a078ff0ff2129d2682dd72223c337d1228c73091fffd2bb08a675,43d9c11e54e6935a7f52d77d95c86c9ccadc156bbf212a246d0b05d33720bfdc,2,2
45eff1eb5ce1e52dce4ae4e01036ba3182ce6008f0a0474f1f24e643a3363274,e9c3412fe83e518fd4ac0325dc4188af0604e345dc7b4ead2464eeb2bc680a28,0,0
07fd60b1e89615a9e1ead8a826c909f6de4c393103c6308bfcf09ac14bd68260,e9c3412fe83e518fd4ac0325dc4188af0604e345dc7b4ead2464eeb2bc680a28,1,1
ea8a3839f2a756a04608828f8de26fac3b1d9125ba6a552d89511cf89947686b,e9c3412fe83e518fd4ac0325dc4188af0604e345dc7b4ead2464eeb2bc680a28,2,2
f0db106859129038984733a8a7972cce064fc6c13ab67b2f375344b85dccaf9f,9728b7b17b65d79aaa561bbcd3933857843303ec59e3b5c19f330d043ea24680,0,0
8d3691227015d43547ac5a93b31aeddbb74c2a2ceec8d37eefa761dcaa94798b,9728b7b17b65d79aaa561bbcd3933857843303ec59e3b5c19f330d043ea24680,1,0
ef6f629d027b2a9493a4ca292debe7558413dfe8fa361990f4b44cfd052e8fe6,9728b7b17b65d79aaa561bbcd3933857843303ec59e3b5c19f330d043ea24680,2,0
9379b5af6c7e84be58e114fe847342b60340ce07e5f58c410ddb9fb5a06c0d63,3c8cfb059985fb4940964f138931ffb428cec9d94ed02fb566d58d1cdcbde2fe,0,2
3df5743281f0260094815d7c742c61f76b9ccd5e048c510caa55c06fbd13bca7,3c8cfb059985fb4940964f138931ffb428cec9d94ed02fb566d58d1cdcbde2fe,1,1
ea7483613dc94f9a01cf1b3d2a2a2730632e0e1830a7f8035cf0385c24319e38,3c8cfb059985fb4940964f138931ffb428cec9d94ed02fb566d58d1cdcbde2fe,2,2
792e851315d12ac88f6fa47a5825d8270206dfbb83e2643b905b9644d55c6b78,83f3605aaff9cc849035bc474b4ef61389862fcafed16432dcd43953cecd0efd,0,0
408861ae307536fbd6756a97e2432bf30b690b1a69148bbfe2d574992551b4e9,83f3605aaff9cc849035bc474b4ef61389862fcafed16432dcd43953cecd0efd,1,0
626d8cee631871a8a8e8da944b60239ff3e9351476a2c191d6b4e570caaaf920,83f3605aaff9cc849035bc474b4ef61389862fcafed16432dcd43953cecd0efd,2,0
90a948d06f751be11cbb16b71f46178f7333713c86b4499039521113696900b4,94cab82469af2a99bd27410d914b80339506bdb82ef0fbb9d1ecb55a2b1779c6,0,1
3f2bfed1c866308515b852d44b55a64fa03c6bc3f313532c4fcf542b2315f9b6,94cab82469af2a99bd27410d914b80339506bdb82ef0fbb9d1ecb55a2b1779c6,1,1
9588f60d9f3b0e509d533aa01031641c239ba5adcfd5629f9cbc29a82d62fba4,94cab82469af2a99bd27410d914b80339506bdb82ef0fbb9d1ecb55a2b1779c6,2,1
ed018c011b7356bad4e696d7a26f0e5ee121facb5918d5c5037943f26e8546f1,ccf040bc80116dccec22c021a463ab5cfb2b8166e2de28d6ea5bcca9433260e0,0,0
eaf8433089be3c30ad6a34eb8945c3800a75857a026d9cfdefe4e3f1587b1541,ccf040bc80116dccec22c021a463ab5cfb2b8166e2de28d6ea5bcca9433260e0,1,1
fbe2b5447d638c6beeabbf2487fde38ee05fd8bdad0ea905c27b2b76f63b12d0,ccf040bc80116dccec22c021a463ab5cfb2b8166e2de28d6ea5bcca9433260e0,2,0
7f2da50523fd76304f2b3e1395521d236b133ef064760491fb4b2cca5368eedc,98e2f1d63618645702dec02bae1be1df5c377f7e4ccbe1ee57ac517c6cb0a662,0,2
a1d2ead916a9f78a5962946ada5b1cd45e5870e9879d2f2b7d1088ef57f8f218,98e2f1d63618645702dec02bae1be1df5c377f7e4ccbe1ee57ac517c6cb0a662,1,2
b5e26e91060d78205180dfa744dce9e34f59585b46c83a0ae774c62ca77e3ff9,98e2f1d63618645702dec02bae1be1df5c377f7e4ccbe1ee57ac517c6cb0a662,2,0
3f1e6e43e16c4449f76d28955375a2323f8bef4af3ddaef9cdb1172c5f219c70,4c128c3330ab26225baf6293fe96003b82c1830b4a61b5b414959876e015f833,0,2
8e4697c7ce5855dddf8690686410cce8c3dc2e512f54bf8ee254e24509d42652,4c128c3330ab26225baf6293fe96003b82c1830b4a61b5b414959876e015f833,1,1
5cf42a8f79376d33eefe8188cda2b134290e0d0b6994867b6ef58f56433b3af0,4c128c3330ab26225baf6293fe96003b82c1830b4a61b5b414959876e015f833,2,2
e13cbfaf6574005f5f1cfffc3edcb5a398e77de990db288804bf22081a3d82bf,a98ebbbf3374c2e091fbb2060562048c6ae91f22ee017ce35de882a051bbfa14,0,1
3b9381556be104847453893d65d366999873b872ffeffd4f096a6b257603013f,a98ebbbf3374c2e091fbb2060562048c6ae91f22ee017ce35de882a051bbfa14,1,1
be5ea8db9f40f1eb58b3dc421febf3f433de41e09a6895f3a55f18d86005ca2f,a98ebbbf3374c2e091fbb2060562048c6ae91f22ee017ce35de882a051bbfa14,2,0
616aaf1eb9ea64cfc5a49674acca404ad8eaf8e77aa68877e58d8f5d189ddfea,6970a1793d959c5c88bb57dcce87f5991f570d0addf05ce72b8963d76ac5cb83,0,2
fb421e06800bc5d1d96e3c0c912527725689a823aefc46e8bf4c58c16e1b78c0,6970a1793d959c5c88bb57dcce87f5991f570d0addf05ce72b8963d76ac5cb83,1,1
60c3255147c3ce26d0b1b26cd915fcef2b9edb87ef3f06b46c616c93d23c1a2a,6970a1793d959c5c88bb57dcce87f5991f570d0addf05ce72b8963d76ac5cb83,2,2
2aa0217ada8a298ea37411019a33346cb11319ccdf373659c7819840d535f823,fade47e73304c791a0b9e786eb0498e2ae6bc5270888143e3800723936e0d7bb,0,2
bf550b25e2f3324896f4f72836624ffdaf20faf04b87ad1c0bda75b68145f829,fade47e73304c791a0b9e786eb0498e2ae6bc5270888143e3800723936e0d7bb,1,1
119650ecbc2ca77cadd9162a47414abe4232c107ca02ec5201bc15d337b32892,fade47e73304c791a0b9e786eb0498e2ae6bc5270888143e3800723936e0d7bb,2,2
6e0aecfdefb1bf89099e421bfe6ff57e9b64c0fec39c8fa06eb7e5b5c36379ca,559ccc189d0c0c77737bd465a40572412f80b6bea4326c7762928dc16553007c,0,0
130d9a4ccfb1b79324cde06382a3d5f91869fa2378afe5f6b9b73472bbc385c6,559ccc189d0c0c77737bd465a40572412f80b6bea4326c7762928dc16553007c,1,1
54e773a49b2344f658aae6d9add312f99d89bcead4b11da050814960ea076a02,559ccc189d0c0c77737bd465a40572412f80b6bea4326c7762928dc16553007c,2,2
03d2a6ec597842390dafa4eca766d4046480c0fc6ade862198113e4d541480fd,ef08b0384dafa019a1f6887d483c378f0951dd9b7a1404384cbad77a63da77a7,0,1
7ac1bd1cf612a8fdce89b604ed580e31f17aed8e5792f54fab5c9d03ddf8e43f,ef08b0384dafa019a1f6887d483c378f0951dd9b7a1404384cbad77a63da77a7,1,1
1e126b3f9994a9c34261b98a2bd4a3a65a64b8968508af32946010266accee17,ef08b0384dafa019a1f6887d483c378f0951dd9b7a1404384cbad77a63da77a7,2,2
e03384fa3980122f61fc4abda5d8a3d0deb3d359d5ad55080a311fb4a27a70d6,35c66b7ae2dcf60c930690394965b643ac69422fdb040c39d4004bdfe3c90f2f,0,2
d8acc4e054d6bae677ba21492fb9e390e0cde938512be6ad3bd9e47f2353c967,35c66b7ae2dcf60c930690394965b643ac69422fdb040c39d4004bdfe3c90f2f,1,0
40153af60a4cc15c723d585ce122d15a1ab9d15128bd396aa1648470f13502e6,35c66b7ae2dcf60c930690394965b643ac69422fdb040c39d4004bdfe3c90f2f,2,2
f9b268761819bdab1fba5303681efd5c9bab7b7e985a7bfdbaaee4be6444dfba,6a6ac98f0c8e612aa5c4d2931de7656b575bfe345fbec9be683d7406efd343eb,0,1
f6c3a2ea3d940e584c745bc6e548bb5db74464df6169a0ad2edc332ad7371b6a,6a6ac98f0c8e612aa5c4d2931de7656b575bfe345fbec9be683d7406efd343eb,1,1
428a600456a5adc51f4463160ac090913e225af04b8372fc137b9aae062c6ac4,6a6ac98f0c8e612aa5c4d2931de7656b575bfe345fbec9be683d7406efd343eb,2,2
0ce7e2a55cabfc1c3cbecb5d24c18b2320de20923c4097df1b971d1cea7878ed,03e1de35cb89610942b2a499a2378fbf98298593071ca0ea8ae72925fbd5fcc7,0,2
da9f8208743ce51f844d28b328f39a0936435deff4a825045940225946f06d00,03e1de35cb89610942b2a499a2378fbf98298593071ca0ea8ae72925fbd5fcc7,1,2
edc3dc9bf1b61de33b1fb9fefa25ce93957ecc8c295071a8f26d5228515e4536,03e1de35cb89610942b2a499a2378fbf98298593071ca0ea8ae72925fbd5fcc7,2,0
c75815e78fdad0bc53b1bb9b3203031fc642e3398ee62627c7717e00b86391c3,27967e0309bc66f182ae51970a7caeb223dbe5d6075f9266c50750f54f9b390e,0,2
cd3576a1755a99f6ffa1f56526777efb8e5d0637be54433729a38bb776b8002d,27967e0309bc66f182ae51970a7caeb223dbe5d6075f9266c50750f54f9b390e,1,1
be1685c4dababe08465037314259d02a5ef0a624416d87046bd9f60d53c0cf08,27967e0309bc66f182ae51970a7caeb223dbe5d6075f9266c50750f54f9b390e,2,2
ed28032e8ee9a3968fb2b72a3d783200339fdaae04bd87b65ba4914a0bf73899,52f056d71c9c49ed34caa76b29dc2a855c8f922f251c0205760bd21f0d5b3bf5,0,2
dbd7a4a835ccac872ee25ca6aa48260f8bad19dddd3dd5e9af230aed85488edd,52f056d71c9c49ed34caa76b29dc2a855c8f922f251c0205760bd21f0d5b3bf5,1,0
29d879bbd8bdc4f165e72610ee8292eec6ecb2b8ed60606059ccf69104761547,52f056d71c9c49ed34caa76b29dc2a855c8f922f251c0205760bd21f0d5b3bf5,2,2
aba8feb1b1b240a47f1ffff92c6639f84b60aa61f1fcef70f98eb9a1b51293fa,d3337aa8a788d6f6c63a43a41dc43a065e6e2231302def169b1de0d5b6da155e,0,0
0d29ef8d4088932cf8a4c208f6acf4487b19cd0371fc3526279e5d9ddd1510cc,d3337aa8a788d6f6c63a43a41dc43a065e6e2231302def169b1de0d5b6da155e,1,1
4e87b8b305107caa22aca273728727caddf1a9dbeb1aec91ade7603715f79881,d3337aa8a788d6f6c63a43a41dc43a065e6e2231302def169b1de0d5b6da155e,2,2
86044e2dd59eb8a562366816d3e6765eaf1680c5b8cf6c223698a8aeac136549,80e8d55a2de099a1ff6e2a65bedf20ca75060928339216db5ad5d8dd5473b060,0,2
c4a6fbc8464a96d6e83ebde60600ab3396d7ed6c44bbf2e2d3c7a997aef2d6bf,80e8d55a2de099a1ff6e2a65bedf20ca75060928339216db5ad5d8dd5473b060,1,2
75963f130dfb865784d909f438a1c166dea96612ace75e74e2363dc7d3e47d48,80e8d55a2de099a1ff6e2a65bedf20ca75060928339216db5ad5d8dd5473b060,2,0
222bf00a223d05a4af3905db3669d26de066dbba308bd7cf3bbc3e0680b36464,8d247a46c7765c6c2b2dbe881e7383cb20d5ea55f74b7fdc70da1280b269553a,0,2
8e8b34488dceff71b32d9ae1965a0c9de3470057d5a4f23f3f45a9cefaa5ecb3,8d247a46c7765c6c2b2dbe881e7383cb20d5ea55f74b7fdc70da1280b269553a,1,1
db0014a45d717ff5ea3526a48da327fdc492992320f47051edfda11593da5ee9,8d247a46c7765c6c2b2dbe881e7383cb20d5ea55f74b7fdc70da1280b269553a,2,2
6acbe11be835df72ed969a38997cbfd6e16f40ddcd5c9869bd611e0ab85b8a38,15670040517a147216fd175c33ba563292e050033f8b28c745512e7394f00e2b,0,0
044d488dc59d4e9ce0ac6017e6046448d3dd118a901d4c6ce1a55bfd3aa467e8,15670040517a147216fd175c33ba563292e050033f8b28c745512e7394f00e2b,1,1
49e7bad48f162266111e61c0d286f09e2331ad63ae5c288ab632a0a6d334ea5a,15670040517a147216fd175c33ba563292e050033f8b28c745512e7394f00e2b,2,0
22d9563899688c345a99464916fa1f68818391ab1406dc2353ca7f6a1391b50c,283792a3a4ddbefd31f1a43de83b6716d2b5215ab116763fb8b58b2fcbdc8be8,0,0
0b9bd8010ee9b61a540d3a22067419ca016ff8540f3de38c334192636a73e2e7,283792a3a4ddbefd31f1a43de83b6716d2b5215ab116763fb8b58b2fcbdc8be8,1,1
50df606ab144d7b18e04b969720dd71290d5050c2ae1e242f6a46cd43a2bfed3,283792a3a4ddbefd31f1a43de83b6716d2b5215ab116763fb8b58b2fcbdc8be8,2,0
ad94acdefc5c71017586236fc7f36b574fc146a4dce9405e04b96925f48b5e4a,acd197f8c398c32cd6a79205307c50a6450692a05637263d24bdd27ad3e8fdd4,0,0
2c5309c9920c32c4f6c7a1bda08b8532d16b1c6ffe933704b7b8f9db45de0609,acd197f8c398c32cd6a79205307c50a6450692a05637263d24bdd27ad3e8fdd4,1,1
943b3297bfd3c8ccc16495cd0d9483e471a56a878bc27b49bee45d547cb8c67a,acd197f8c398c32cd6a79205307c50a6450692a05637263d24bdd27ad3e8fdd4,2,2
aabe1672126aa171e202840b95179ed2988c759be71375c958f682f2e1220b7d,7d0b42ae280ed7fb159c2b272ebad7b70d07dd1972c40743d401986f8be920be,0,2
dba24a52f368b34922936de2fc60dc049599b6ca776803e7cc39f6df32f40d85,7d0b42ae280ed7fb159c2b272ebad7b70d07dd1972c40743d401986f8be920be,1,1
32b6070a22fa388fecad1b46504ba5a7ed2365aac36242b846e0c87117ec147c,7d0b42ae280ed7fb159c2b272ebad7b70d07dd1972c40743d401986f8be920be,2,0
e74e79c162a494b1119cc2f5dd88b98ef4ca715ced36971a77a9df6c3977c9b3,f5cc70a2e7a670d68232912d71235dad7c1b2623708bd855ce99c68b101bf8e5,0,0
3072e14c5ba91af57624233837d27b5ccb8af49498376cccc532fc52ffada074,f5cc70a2e7a670d68232912d71235dad7c1b2623708bd855ce99c68b101bf8e5,1,1
eefbb33a22dbb41e9b3d31c1e4d3be691633b0b0fe403d5e92d71e2c977c13c5,f5cc70a2e7a670d68232912d71235dad7c1b2623708bd855ce99c68b101bf8e5,2,2
4166d99030265775e8451efe05ae952c2835a001cbe98a8bc71bb01456149026,9c3652dc0e9094c90a6ef83802d33a688eff2089d4482301838d0d7fb5b41114,0,1
6ae4ce5f895965aff6715d9c011c90ca0cb95806f7d84f9853c71b2729f115f7,9c3652dc0e9094c90a6ef83802d33a688eff2089d4482301838d0d7fb5b41114,1,1
10d53bfcd5a756117eeb81715308a0f3ffac070aae39dbb20a6d2ef4bee84300,9c3652dc0e9094c90a6ef83802d33a688eff2089d4482301838d0d7fb5b41114,2,2
89bb39b0a7b4087c633e7c96ed4f3a12fe6d980666b67c8e36ab5a06edb747df,ca845e5e89ed89fadb61391d67eef941625f04a82d24fda7590291d1cd8da900,0,0
a2f82e4499a1cdf3b9b5f4cefa4a66c88850a0e587fbab8d6f83b8de42e6f808,ca845e5e89ed89fadb61391d67eef941625f04a82d24fda7590291d1cd8da900,1,1
48f296cf29eb76457d51f53f0d0d6624b2bc2194d7c75c4758af39297ed925e4,ca845e5e89ed89fadb61391d67eef941625f04a82d24fda7590291d1cd8da900,2,2
7d89317e9a014e583e434a37bcdeb15f12729a0c23fc499d5e849c8016bdf120,12d7fd0e8a043d631136ffcae66b303b8d91515c1e6bc562a62a455a919dd2a8,0,0
a387db6d43e9f1045a5fd64dccdddc0c66af0780bd6e20aa9c741d8c0af10442,12d7fd0e8a043d631136ffcae66b303b8d91515c1e6bc562a62a455a919dd2a8,1,1
ea78b310697e6d28932ddc9e6ffd79479059ddbafd2fffee6da9076b1d3a5876,12d7fd0e8a043d631136ffcae66b303b8d91515c1e6bc562a62a455a919dd2a8,2,2
46f2a35459a777a4463a9d9c579150aeeb7b327045a50bca53ac8aa03f7dc77f,d3af628c4895f41abf2b5ec54831185151a1ecabaa94828737096781d951db40,0,1
079befe009954357d13f888c6e3682e1a1659b42036d6f56ed7870bd0b7d22e3,d3af628c4895f41abf2b5ec54831185151a1ecabaa94828737096781d951db40,1,1
b1a5e280e6ab73791b1c4eca8bf35794b6a93efbc8c9d971323cbe2dcf0c03a9,d3af628c4895f41abf2b5ec54831185151a1ecabaa94828737096781d951db40,2,1
8d1d932e4a6df308b1a69c7f4dc900d2cb649c68ad21e14598a9d40286f83134,215f5fb2be545b6fb2b16efa0a2d302d3513e1bc74e14cc76ccb939fadc2f577,0,1
4180c7d828abe232581e9df6c6deea3f2a31c3354097ce9a387cf2f315ab1cb7,215f5fb2be545b6fb2b16efa0a2d302d3513e1bc74e14cc76ccb939fadc2f577,1,1
30354e51e5024445663fb456b8086f54a785d09b55e5880ebe38e647febb915f,215f5fb2be545b6fb2b16efa0a2d302d3513e1bc74e14cc76ccb939fadc2f577,2,2
f929db4ea6916f840d10d41552312a97dcecf98743f17899d1cdf5ceafcc6c1c,6958a6194ce8bfae6b89669b7b95f96dbdc292e5b100e277f051ff99c35d2cfe,0,0
df998bc99fad605ac0fd9aa4ef22a99974ee8bfcfac9de05f0515d42a347d090,6958a6194ce8bfae6b89669b7b95f96dbdc292e5b100e277f051ff99c35d2cfe,1,1
798bda41fb1f8dfc528ac40862310790d97da7ea8c2c36a717942960937608dd,6958a6194ce8bfae6b89669b7b95f96dbdc292e5b100e277f051ff99c35d2cfe,2,2
470ed47820348bead7cfcb83ddd9a9ce466d3c323dce65eaa2365234d58562a6,4e3d9a07bc6b0a3653e18ea684c29758eca6e46bfc11432b2674ac77420b911a,0,1
42dc2371c025a288286b2446f43bb9e3e16018b32cf1d50c62e15ad3a9e9f349,4e3d9a07bc6b0a3653e18ea684c29758eca6e46bfc11432b2674ac77420b911a,1,1
d5580494d515ea11f0d90f4c209410949278b6031f1a9f4db5e964483ad73fc6,4e3d9a07bc6b0a3653e18ea684c29758eca6e46bfc11432b2674ac77420b911a,2,1
3e35e03754670e5db5710757cea6cbcb0c07c0210b76bcf6d6662e739f9c9685,7275b9c706c6d79009238161b131f65d1cfb305c8451cea2b1d894ac81be0541,0,0
4ec40e09a54555c9a7c154665a4de9784bc33d45d8a0a0c5e82d63a1ea061c6e,7275b9c706c6d79009238161b131f65d1cfb305c8451cea2b1d894ac81be0541,1,1
ba612efe418c6b22939910c13cf91f44e6936a2c334d775f1a576def2c0abe89,7275b9c706c6d79009238161b131f65d1cfb305c8451cea2b1d894ac81be0541,2,2
56fe59f09f5f079cce6526465006f6ae729480d172b751f3c71d8cf7e48cc784,fc15fdc1ef5974e77cc1e7cf8b01a965ecaad4dcbfb050bdcc3d6df59c55191b,0,0
d2597bb54205f950d4782e30a466cc5f215f8be8f438d6ec7f5f90f3ac2b7136,fc15fdc1ef5974e77cc1e7cf8b01a965ecaad4dcbfb050bdcc3d6df59c55191b,1,1
87683a0c60f7522e2d705f01e5b3ecfe3e1030c20e1f80b5152404c539ec1325,fc15fdc1ef5974e77cc1e7cf8b01a965ecaad4dcbfb050bdcc3d6df59c55191b,2,0
5aa2f34700bfa81911348bbd87f6c168e6513c1970345b0579334bd3e3538e74,fb999816eddd85c42eb8aba1684acf688189b6ba9ae16ad47861359f696c8a26,0,1
e1d34522f7fe34967d45cde519226c62d3e3ada2b2e1bb976b2418adb9da1bf0,fb999816eddd85c42eb8aba1684acf688189b6ba9ae16ad47861359f696c8a26,1,1
c53fc8065b7ef4c3253326257bc28bc9d2a18b2d4c3c855a1c7420caeb0015b3,fb999816eddd85c42eb8aba1684acf688189b6ba9ae16ad47861359f696c8a26,2,0
28151934d090261bdaa662db2bf983031f7e8783430c257d4d62ea6efe24f819,e9e01f386e3d0a2eca4888c55e9cb2e6c829a929948fdfaeccb594eb87e012c4,0,0
adecf7c8f7911c40f4aa2d78cd3b5dd3449292404c95b3b5ecf61ad2229ba020,e9e01f386e3d0a2eca4888c55e9cb2e6c829a929948fdfaeccb594eb87e012c4,1,1
fbe6f0adb387125662391b4889ea263c0281a3905b56555bed9c8aae1ce7ef2a,e9e01f386e3d0a2eca4888c55e9cb2e6c829a929948fdfaeccb594eb87e012c4,2,0
0988129caf3d778045082f7818e3ec30308c209cfb6703c1447d52ef7b86bbf8,8a9c902169e86639fdc39b68c480646e36e0937e503d766512eaf59d86fdf037,0,2
1538ac702e6015dff69d7f3582fa6d4e82a18df2fc18f41074047721277268a7,8a9c902169e86639fdc39b68c480646e36e0937e503d766512eaf59d86fdf037,1,1
42cbafe1803809e3602e01475c160d430973f64f7376d106eeec325e58a813da,8a9c902169e86639fdc39b68c480646e36e0937e503d766512eaf59d86fdf037,2,2
aff7b0dfd81ded0ed53596628c7d52716604f76c8dbaa9c49cf50678add2027c,6d7e30b0e2b886b95282f0fbbb1d13e9ee415badf9688b47a87b9f61a4e07604,0,0
893aacff50bf6820caee407e1e5f65d8eba0e15297ab2a2d3d8a31c071900d83,6d7e30b0e2b886b95282f0fbbb1d13e9ee415badf9688b47a87b9f61a4e07604,1,1
77db275e57242d77179f4309728324d476f33d1ffb1e9c25c04bf6411fe70249,6d7e30b0e2b886b95282f0fbbb1d13e9ee415badf9688b47a87b9f61a4e07604,2,0
eabf523bfb3774a47bcc05cd7956def8314c00c8e89eab7f5b70a892aa681ef1,aff808c27d6816d677d7092207bfcad7985967110e8192577295f78a957c67af,0,0
fd5b147dbf0e5957a0e4025a43228b2e4e229d221c36db27bf0e6ddb5476ceb7,aff808c27d6816d677d7092207bfcad7985967110e8192577295f78a957c67af,1,1
f342f21c5080fdc4829dce862bbb4f5b5971e088711eaec19b1ca7b499aaec04,aff808c27d6816d677d7092207bfcad7985967110e8192577295f78a957c67af,2,0
238bbae71ced719951f9a6f5700fccc5075403d4ced28dff1e56282c70b03624,978b3baa167ce29a92ffd56f69207ba770329df94ac25b7178c013f7007f82d3,0,2
84f400d4493a44cc405ab8f3b574bb6329674b5bddf36c2debfdc640c720955a,978b3baa167ce29a92ffd56f69207ba770329df94ac25b7178c013f7007f82d3,1,0
f48606188c8d5b13a634df982dc5874c92ac33ea2f1a1c068d6280bc022fe0aa,978b3baa167ce29a92ffd56f69207ba770329df94ac25b7178c013f7007f82d3,2,2
9da1bec651d50005e637534de534451acd78bdc2778bbb1b2e6a4b4885fd732c,5a94c09d4b34ad4db9aae820a337fb9e288211054004e00b46a56f6a6eab6a51,0,2
e46525e11b80bbbd3d1fcbecf195129847d6eaabd3810cf7b4eb7b8a442311ed,5a94c09d4b34ad4db9aae820a337fb9e288211054004e00b46a56f6a6eab6a51,1,1
09fd5658e4965cdf3887791a7153b4d828cb337046359c3f1d34cb71e13e5c75,5a94c09d4b34ad4db9aae820a337fb9e288211054004e00b46a56f6a6eab6a51,2,2
2cdce32596c2f20b19cd9d6795d837e4d5c7b28a5ee777894aa27839e4074091,30eb710d8f16b48b16956b93aa3de13a6ad078fb913e54683c8156140b4ed913,0,0
7beaf79e27ff912e78179b1e4b9f8f2090da8c7ac7151003f387126a2f8e48c3,30eb710d8f16b48b16956b93aa3de13a6ad078fb913e54683c8156140b4ed913,1,1
db28ba2607bac00e3a749f9112fcf2e10b3982ef9bef742b8995a76069af9da8,30eb710d8f16b48b16956b93aa3de13a6ad078fb913e54683c8156140b4ed913,2,2
87c7aca41dabb52821f74dee584dc6d491ec6e5d2810347be01b4ac06dc9af63,a91516b39f085e75c0c7274fc6752cb9a2d99c040d7cdaba31647da7679f5be3,0,0
871d38eeb8fc6406415e03c6b580ca54d9dabce167b9df36fa801d524aa081a1,a91516b39f085e75c0c7274fc6752cb9a2d99c040d7cdaba31647da7679f5be3,1,1
f196dfde8d5a2ba3c40e4c8b430cddd8fadc1f4725b026e6e651df027f0f318b,a91516b39f085e75c0c7274fc6752cb9a2d99c040d7cdaba31647da7679f5be3,2,0
408aa173c78a27f0dd9df789504e5e80a0c43df629c7a466632440ad5fd9362c,d082f47d93a27bf2618218459fda8ae95eebbd5646bdd2ec96f8c311648783e7,0,2
f6a988b240bdafa6f638447417abeaf94ef65bda012519855cc65a7f8c14cebc,d082f47d93a27bf2618218459fda8ae95eebbd5646bdd2ec96f8c311648783e7,1,1
bfb1b9b290bb3d8d282127d12dc6e202f9329be48111a28197d70d1d50a5ba83,d082f47d93a27bf2618218459fda8ae95eebbd5646bdd2ec96f8c311648783e7,2,2
2a7e24fdf52534ed2a9d218525d279d8162b640959b84c4be5330de4f7574b88,8d32cb8ad18c72698c38905b394749b49e443dc6021f09b6d556baeeb4a2c9a6,0,0
6b581467dfe7cac5369ad046568935e260465ba6347b1d3f9c33e4967f6ef5b2,8d32cb8ad18c72698c38905b394749b49e443dc6021f09b6d556baeeb4a2c9a6,1,0
4511bd69eab7de944b32fca562c16e0fcfc72462e1ef32a17b2ab290b9be991a,8d32cb8ad18c72698c38905b394749b49e443dc6021f09b6d556baeeb4a2c9a6,2,2
faa737c3c7bd501567b6b924340c17ef8593c9fe184d5f27d8191d8f4fd483f1,3635df0ea94d68f949d5a6101a57ea7cd89386f02caa62b9f95918b2de0377d3,0,1
abc3e2b1049fa0ae64ee7a8068b279c6800d458b3afed8524b4b69c053e0ff02,3635df0ea94d68f949d5a6101a57ea7cd89386f02caa62b9f95918b2de0377d3,1,1
878a2ac06de33396e964174f168bf6922bbda4a9daf1d469edb5d1bd42d973c2,3635df0ea94d68f949d5a6101a57ea7cd89386f02caa62b9f95918b2de0377d3,2,0
cd58d685ec0b9cb692017bec5cb3c4d8db4bb66248417b1f0a268427aedf8221,81f803d7135c70944e3ec689227d72be6d8ed545b53ee3b1ad8250ebbc2e6a74,0,0
583c9a1eee319c5ff564f4189d094f4b056b1fae64983f852cc5ec0c67e01cbc,81f803d7135c70944e3ec689227d72be6d8ed545b53ee3b1ad8250ebbc2e6a74,1,0
5911272bdcb7ae9c5e0fbfa58f982ceb0205097ac149b085c6c54bb07430ceb2,81f803d7135c70944e3ec689227d72be6d8ed545b53ee3b1ad8250ebbc2e6a74,2,2
7540da517d6626d86cf16d7100da62b63e89a00d157a61a28daa761638c05bb0,c6a69a1fd2e1d4d21d9a42efe3c7003d4cf0c8c77fcb1f5149a213239ed7f770,0,0
0bf8499be29630e03d6632eed87555cd91ab297ed98cfb160c08dedd4dc3c2c4,c6a69a1fd2e1d4d21d9a42efe3c7003d4cf0c8c77fcb1f5149a213239ed7f770,1,1
045d264a0c558ee5c7007c3eb80e8748c8ee28610c7a633973f9c57ffb0fe9f4,c6a69a1fd2e1d4d21d9a42efe3c7003d4cf0c8c77fcb1f5149a213239ed7f770,2,2
82b590cfe000b07a5bb7bbd3458ad2d8b22381930bfd7f1cab3b3824bb82dfa7,064684d4b032c322180c9177cf9092781518dc783216434baeb3f08caf08cc9c,0,0
0dd123acf79fe55ffc6629169145a9eb8e83f4b9f72161f2a643218b65286f71,064684d4b032c322180c9177cf9092781518dc783216434baeb3f08caf08cc9c,1,1
b12b61edca6553e841873a453e136846756bb7e346c6f80473f8a46a4aa93a2d,064684d4b032c322180c9177cf9092781518dc783216434baeb3f08caf08cc9c,2,2
cdc75c9fb129a234403ba8c0e8dbce184efb4d3c4f0a671002c22f5a35cc042c,63189a5fe7244ab6b4f18a0592863125354f5d88f4edf3aae51bf5dfb290cae0,0,0
901afdfc4c307d746ac4c1f6106eaf175910da5ba96ebcb4171ecd0f0f9bef04,63189a5fe7244ab6b4f18a0592863125354f5d88f4edf3aae51bf5dfb290cae0,1,1
22428c2d006f5d502f5451d668c6f3917e6cc56e99ace7be84bd2ed4970e4119,63189a5fe7244ab6b4f18a0592863125354f5d88f4edf3aae51bf5dfb290cae0,2,0
4ae26c53911dc0477b9a99dc787c35c7ba1566609cb6dae152b5ab61247c2e48,4736cc72e8793fcdd245a7bd9feab5166ef4888aed31d61b43743b7a3b9c53aa,0,0
a2a648f2091f648f65dc4c26792211c1a9eaf7f13e143ad011017c199cda2816,4736cc72e8793fcdd245a7bd9feab5166ef4888aed31d61b43743b7a3b9c53aa,1,1
4b3eb6ccdb772269de6bd6e512cd564352aaaf69fa8f04f792d70401def248a0,4736cc72e8793fcdd245a7bd9feab5166ef4888aed31d61b43743b7a3b9c53aa,2,1
be3a66c1c1ef4817479826e71b50387f1bb48d2bf033fad858422222a3c629b7,1c906bc361f70031666fa410ebd08536b9aa990cafcfbf774b15d17e516973fe,0,0
3753095901322dacbd1d10f3865c97d7a059d6b3912265bdc7b7d7dd2f45af74,1c906bc361f70031666fa410ebd08536b9aa990cafcfbf774b15d17e516973fe,1,1
621b42695f41f13d3cf9a4ff841e75c33bc934fa6032332d1ec0bc1d429f3869,1c906bc361f70031666fa410ebd08536b9aa990cafcfbf774b15d17e516973fe,2,0
3341e75d69db6cb26d6de9351658b80c86fcc4f9b593b3ea85b16c157cc43a4d,f60c6d0c892b47f1bb75d6ebf8d20cc6a0229dc361a1a602f88c1d990367a51e,0,2
d0c6c4be306d02c0446aaa514a55f84ba5dd2cdf39f5db8ab24e0459ba4853b7,f60c6d0c892b47f1bb75d6ebf8d20cc6a0229dc361a1a602f88c1d990367a51e,1,1
70d913f0385c9158d709f74cade05f56faeb76f774787dc6b326962859357e2d,f60c6d0c892b47f1bb75d6ebf8d20cc6a0229dc361a1a602f88c1d990367a51e,2,1
1d5bf919fae348ab0286e9fddd600bed8c981baf0f550715053b66414cc2b8ad,fe947f84f32e4a5f5e66ff71c385373f5bb243c6661d9c2ea693b0ef134c0551,0,2
0a38dfdc3cc22b9bf6b73baab2e159dcb8d4d39245a8fcb2314d59ed0cad88f0,fe947f84f32e4a5f5e66ff71c385373f5bb243c6661d9c2ea693b0ef134c0551,1,1
91f034ebc63ccf4cba506a620db3a255d26b94f305f3d730af77dd7ae13fc8ee,fe947f84f32e4a5f5e66ff71c385373f5bb243c6661d9c2ea693b0ef134c0551,2,2
013c5235e5b9f65bf802a19c309e60917f1054ab13082b9eeae6d52a6e43e3a5,1c2145fab28ba13c68a719000925c5a5aa1dfef4ef62c8b44f47c2d035c61821,0,1
f47fa3cef217457b5251e6bc4fe7ba9003861e2cc1b042cb9a3c29e103a6b5ee,1c2145fab28ba13c68a719000925c5a5aa1dfef4ef62c8b44f47c2d035c61821,1,1
cb24715899a1090d507e8043ec1aa19cdfc460d2aa8fb6a86cc13edbeae56395,1c2145fab28ba13c68a719000925c5a5aa1dfef4ef62c8b44f47c2d035c61821,2,1
dbb1a0988ac5ff508c5c7b148924d02da1429f74f7655e61722e4d78ee87f565,1b2e1251bb32307bfbf808fd5ff80360bea82f2c9c9033340702cfac3337d18f,0,0
ae83cb28c88b6ed5f5e10f0c83b1ccec04a140079ec0d6808b087f00903571cd,1b2e1251bb32307bfbf808fd5ff80360bea82f2c9c9033340702cfac3337d18f,1,1
e6d8c4b2f6e421ee71d0df2d04b99c7e33777eddf236722b1fc44d4633178964,1b2e1251bb32307bfbf808fd5ff80360bea82f2c9c9033340702cfac3337d18f,2,2
1afbee6a164f6bdd6693217b69dcce26c4549a0f17c3466e99c8a6c95eee2853,98b0d6f1f7d044ca63d150f176c213b1e1fd3273a823e64816f31c428929e07a,0,2
d321134777daa54c6349a2de78abe4921f4e390552e68962c9daa21d3037e116,98b0d6f1f7d044ca63d150f176c213b1e1fd3273a823e64816f31c428929e07a,1,1
0823991c589354aa0e2af4343c14a9b8b314e95728e9791683c1c26d9bd6bbe7,98b0d6f1f7d044ca63d150f176c213b1e1fd3273a823e64816f31c428929e07a,2,0
77a9fdbb733073b71136ec3a7580a871295af2896caf0040e2abd306346b4b52,7950b1bc61b9204e86b3d4a895c4f79c283ad28e0b1350ecdf154b1cd433a17d,0,1
ca313a50746d128a6cdf972412b77a36b66d382ea4f845304ca92b6597306947,7950b1bc61b9204e86b3d4a895c4f79c283ad28e0b1350ecdf154b1cd433a17d,1,1
10b5be0b71d0406f03a7660df63c09d419a3d081accd8699e76da39f677917b0,7950b1bc61b9204e86b3d4a895c4f79c283ad28e0b1350ecdf154b1cd433a17d,2,0
25e5fa66a6db1939c4316be779d4ecb320d98928bae4b5b07c4d1b80400655d0,6848c0b94f4056a0b218018822b0e55e98cd920e0a2ce8ebc4b3dc706b6a18f0,0,0
b8948edc3c7473d5e464412371c8380919b5dfcc79dbe5a275ec0049777064f4,6848c0b94f4056a0b218018822b0e55e98cd920e0a2ce8ebc4b3dc706b6a18f0,1,1
5574bae67b748ac65bdb5c2cc4c0c96f80b72dfb4083b68956a63b058bad55bb,6848c0b94f4056a0b218018822b0e55e98cd920e0a2ce8ebc4b3dc706b6a18f0,2,0
9c235ffc67b07af23c5056b8632fd327d0fa76f5f5c799abab21874f638ddde3,a70d158f7e88dadc19375de14c1fca41ff4bb082e2f31bc2c439a369e74e8860,0,1
7a2f1bb10b090e1a0a675db15ff418c9730d7503f84f2b9ad7111561038732dd,a70d158f7e88dadc19375de14c1fca41ff4bb082e2f31bc2c439a369e74e8860,1,1
611a08f5e9642c478c35333af23b33d7758756e5289cbcda4fa42e5dd3ee53de,a70d158f7e88dadc19375de14c1fca41ff4bb082e2f31bc2c439a369e74e8860,2,0
030813583af4cd4455955a70a90ee3994cec370dcddde3922174587b3277bcbb,9ed680278b60dcaa1a7a4adb48de52bbfe0a63b2da363d8d70447d7344f402ce,0,2
01ed910121814315503a4729f5356a00aadaf682921dada6e59190c646268a01,9ed680278b60dcaa1a7a4adb48de52bbfe0a63b2da363d8d70447d7344f402ce,1,1
71c2a039ce802bf003a230dac29e6fb2139606cf2ad149cdc8881ec15750dfd0,9ed680278b60dcaa1a7a4adb48de52bbfe0a63b2da363d8d70447d7344f402ce,2,2
8f72c7da95712d93d6789d655a1c7613d7066bb16bc2086462a52d7640d7ba83,44462ecb8e07d8c97e2ca824a29bee1df3fdf5066c2707e0d202a82cb8e1f674,0,1
a166ab5496b24cb6547782f9ca48cdae277993a8941f27728840ae6f8762ebe4,44462ecb8e07d8c97e2ca824a29bee1df3fdf5066c2707e0d202a82cb8e1f674,1,1
6c95ba2f396757ed6088b4afccb48c641279ae0dca685bf609d6dd53f9815451,44462ecb8e07d8c97e2ca824a29bee1df3fdf5066c2707e0d202a82cb8e1f674,2,2
f782c4a291e249d230762e8c22aacafe6fd8f1c529c70b6666350bdfd6d3d555,15341163f66beb79e6317146106e75accea1b2eb8ddd75d25a9e30bd8d2c999e,0,0
00eb87bffba426e3a85afed6726fdb9b205d45bf8531035da9f34ca264c56cfa,15341163f66beb79e6317146106e75accea1b2eb8ddd75d25a9e30bd8d2c999e,1,1
8a76c77490e8e994d0ee31090d4574a218545d6b949fa05f88c5ec455325faf9,15341163f66beb79e6317146106e75accea1b2eb8ddd75d25a9e30bd8d2c999e,2,2
31e6c7d9f28c8b55af1dd20b896f5e01b62bcaa60946e6925eb4f246763b655b,d8595fc3ba4fedae61e162d99a522926b048954e7abdebd4c6471b31e9b336bb,0,0
d21f8e859a865319870e8155c4086d1381e8352f8de2ba5aebe35f04f3daec39,d8595fc3ba4fedae61e162d99a522926b048954e7abdebd4c6471b31e9b336bb,1,0
bd5bab4b1d37cb705c6a9a42f598623626149dd8b047dbb5c30d4a2ce36b36a3,d8595fc3ba4fedae61e162d99a522926b048954e7abdebd4c6471b31e9b336bb,2,2
1738f70e29e5cd327edf1fd6b01e4c0c596c8b31a0736f0773c95887399421ea,139e089d8a7f27dd7f2fe49c812789a74b0a8c787899e5d91f9696925a1b3a99,0,0
8545676e6a665036ee9308bcd2e9e26bf6f5af9c35b7f7dfbf0e6d3f51bf1c85,139e089d8a7f27dd7f2fe49c812789a74b0a8c787899e5d91f9696925a1b3a99,1,1
4948af6f85d91d47e5783bcd111e5988e128ccaf47bcfb111317613193ed5ede,139e089d8a7f27dd7f2fe49c812789a74b0a8c787899e5d91f9696925a1b3a99,2,0
c4d97b3597fd41968872bdc8548bdf0c693c6a246c4c07bc2059f535976eff30,e012778cc88cec3f92ab3ab2d79f3deb838e37c47e00a459eb74b34d080be982,0,2
dbda5e236de2d6060193c9ae35cabfb777a914fa09d91241fee6082a1264543a,e012778cc88cec3f92ab3ab2d79f3deb838e37c47e00a459eb74b34d080be982,1,1
634715b7e310ebac04eba15bcfab73c06312f3c049647023b40c1b6a6f38ea20,e012778cc88cec3f92ab3ab2d79f3deb838e37c47e00a459eb74b34d080be982,2,2
54b7c4dade1d77ec8ead2384c43870b2782d4853817fa7267f295db9bfec67e0,51673a925bb98526046d2e1a1480ac88de383824e8b39f76e2d4d302638b0665,0,2
0ecdb106c325bf393278ac2f830c27044d894ea7960ddb7ae2d846be98c596d6,51673a925bb98526046d2e1a1480ac88de383824e8b39f76e2d4d302638b0665,1,2
cc9e1fe5ba7be4ccc2616f7a85f4bc3db00862726669f68769d36c91ea87b23d,51673a925bb98526046d2e1a1480ac88de383824e8b39f76e2d4d302638b0665,2,2
5dafc669012cfebe41a6d189261414d122965aac8482da19d64a2a1ca357b800,978b62d78a0f4bdc461d539514f31faed31f96739b3ce6341f306c8a2f5b89c1,0,2
46d85e0f109e406fbe0496338146ab4abafe06f85d15b389f0a6e15ef78655bc,978b62d78a0f4bdc461d539514f31faed31f96739b3ce6341f306c8a2f5b89c1,1,1
df663e69ad8028db37d0cd671db26c6ad358ea9c4f03c047f39b04e2cfc08251,978b62d78a0f4bdc461d539514f31faed31f96739b3ce6341f306c8a2f5b89c1,2,2
13d2ef5462a7619b80ad976cb76034e3f76111cbef8b43ded5725bfdc3c0afa8,4b26ec1eaddadeb23466aec4c1990cf1ae95d398cdd81559edc57fc17944cf27,0,0
d02c34abefc88e4bf85aaa7d00a18735856e3d6a783cac9dab8a12f24f6e4437,4b26ec1eaddadeb23466aec4c1990cf1ae95d398cdd81559edc57fc17944cf27,1,2
ec952b4ff2af32984e5780e0a902a9ca070c45478bebd303e87ef87afa96254d,4b26ec1eaddadeb23466aec4c1990cf1ae95d398cdd81559edc57fc17944cf27,2,2
c32b9727d1c2ec52918bb56b654bee8006488e08c7a3bb6f9a8550a71b278dcd,59b08a4be62a772ba2c70b30799038e7fc08517de5b2d456c033444470054b49,0,2
bbe723971b72d187181aed416e7bc3670d969c8b00fbeb3be85e037c3f3e3729,59b08a4be62a772ba2c70b30799038e7fc08517de5b2d456c033444470054b49,1,1
1d7b07f28eb39d4bb03f883ca0461b89d6c0c5e5b05f27a3a3b2a8aa3cec8a10,59b08a4be62a772ba2c70b30799038e7fc08517de5b2d456c033444470054b49,2,2
7e4c8f3909e2f1e73c5ab4cedfd475fd5c7fd84a9ea5bda1629a6b8182d6f70b,e22fc4e008f1a02481235b28ff2ff2c510df010bc93a548580ef3d89d733a19b,0,0
32341a510852510cf3e4a83f547d1ba77273148678993142cb7537cacea77013,e22fc4e008f1a02481235b28ff2ff2c510df010bc93a548580ef3d89d733a19b,1,1
a5b3c0fc723bb7388f26336829a858d54772eb519ed46ef28aa5d98b360d9f1a,e22fc4e008f1a02481235b28ff2ff2c510df010bc93a548580ef3d89d733a19b,2,0
d14592df660804d6026026272c2ce1cf5dfbead4cd157da50815455c22a2b5c6,ac8b54dbcc9268d042428b950038c7d35ca7f270710b7702330492beaf6df4d2,0,0
6810271d96247056f0ad11e1b77b754cb283d8396aa563b6be8f9a53f30b31cd,ac8b54dbcc9268d042428b950038c7d35ca7f270710b7702330492beaf6df4d2,1,1
98bfacee3965006a578859b066061e7fe27175b601d2443a545665a1e33fb99f,ac8b54dbcc9268d042428b950038c7d35ca7f270710b7702330492beaf6df4d2,2,0
f338c8016c8d4d5e4729888dd8943e393070e4d2048386c60caa86f7502151ed,6fbd73c8af27a139d2e59ee0a9f247041a270ae7d4ea0abd6c775015e29865d4,0,2
c21ea08c1376510172c28524eaffed7e4160dff0113702bf2a2f0d8b9680c0ef,6fbd73c8af27a139d2e59ee0a9f247041a270ae7d4ea0abd6c775015e29865d4,1,1
f2696334c3857c9a180f690ee0f4e5fb3e74d48c9c2a1bbf6b26f72a27ec2847,6fbd73c8af27a139d2e59ee0a9f247041a270ae7d4ea0abd6c775015e29865d4,2,2
2b47d0dbb2c9e00c96e9a66c4e57873e274f5ceed609350bb1181344c010738b,c5a2c47af109a9241f8feacd3fff893343198d483529904f0cb75ca1138a176d,0,2
62e22748518a5807655731435f53bfc812c7dce7eb61c6f1e11e6de4a73e58fb,c5a2c47af109a9241f8feacd3fff893343198d483529904f0cb75ca1138a176d,1,1
a56724683f82cfdaa69f391df23f5f796cef701443c046ab520285b1261bfba1,c5a2c47af109a9241f8feacd3fff893343198d483529904f0cb75ca1138a176d,2,2
5d4bcff293fe605f0539b33b29aaac5889580380092a4208d4a95a64e08c22a1,3301f7df8a3996f34307761ff3a8a22e268117c10d31bd79dc997f732c4e7702,0,0
5f4677ebc7a250e756b6a2b1ec67912f230b875698d68abb0f1a344052bf23af,3301f7df8a3996f34307761ff3a8a22e268117c10d31bd79dc997f732c4e7702,1,1
71750e9d53fede2cb416e7a00cc6777cb52476b3f99b2720d5f8b595114ccddd,3301f7df8a3996f34307761ff3a8a22e268117c10d31bd79dc997f732c4e7702,2,2
ff3473f99f53eeb1f99e0728165dc6923b2bf40b75bd222f40fc74679407ea0e,edc1b5af297b99226bf0e93a473cd0447ce8a3541bac3b855c20e4feea57cc36,0,0
c60def6bde15f52584e76f88bafe3688cc344ca5aaed2feb1ae6b076c7c713a0,edc1b5af297b99226bf0e93a473cd0447ce8a3541bac3b855c20e4feea57cc36,1,1
7d024240c194476241dce896d9cf4081d13100e4ea0d36822e02457b705bafbf,edc1b5af297b99226bf0e93a473cd0447ce8a3541bac3b855c20e4feea57cc36,2,2
5d5043b9f302b0fdfa4e0fd523660f1a2a9f78f00999a2e447a313adca4bc330,629a93ae2b674104e7e596a41ee7ce849177dc74d1ff3d3f41e14cb77c22f0df,0,2
68be55486748a8df3d4b57145eee454053b0ed5e424a7ef0ed2a2a8fdd0ff0b4,629a93ae2b674104e7e596a41ee7ce849177dc74d1ff3d3f41e14cb77c22f0df,1,1
22b82309e781620c85c0d2e6e3e157bc5c432570a93b31fa17880228b56cfa2b,629a93ae2b674104e7e596a41ee7ce849177dc74d1ff3d3f41e14cb77c22f0df,2,2
e8720ecb52b27533b1e575fc1b9e43425068fbf8101a9dbd21655df1151bbd98,81da616dd3251d4dc2496d138af2248890c05bd86d701074fe8b3deed54710b3,0,0
69da31bd49e4c89c6a42072ba04ba1d3167227d9dc682d583ceda5f93c4e1987,81da616dd3251d4dc2496d138af2248890c05bd86d701074fe8b3deed54710b3,1,1
d1062a3c1ce0f296d0e14eff69bdb3851c4228fb63afe8363e8127eeca27919b,81da616dd3251d4dc2496d138af2248890c05bd86d701074fe8b3deed54710b3,2,2
2bd2c0f4d5e4e9f532092666d9182afd950b5fe5f61e7638abe760ac2ec41d4a,8a99480f897d1877b6615eaf3d3a084b6a13f0c55f4f3b6046d3b60cbc56c1d4,0,0
24e59e05f0531f692b199532f1bdbd68371c7711b4a5a3016ccd86ee03a222cc,8a99480f897d1877b6615eaf3d3a084b6a13f0c55f4f3b6046d3b60cbc56c1d4,1,1
ca5c30fea508258ce77ad7e23c4672116dbfc1c8b1875088dc58fd3ed21cde7d,8a99480f897d1877b6615eaf3d3a084b6a13f0c55f4f3b6046d3b60cbc56c1d4,2,0
f45df239ae8604ffc9e10c84b0dd7ed2205c39bc128f387de242858f8732f3db,8d6efaa13362c01c8fcdbc660c6149c296a2554cecbe0c39c1a6cd630b477a8e,0,0
42e66a0567f513ca4f9fc8b04d5494bf48ed07915c77515a40daaa237b7e36da,8d6efaa13362c01c8fcdbc660c6149c296a2554cecbe0c39c1a6cd630b477a8e,1,1
0c32e7de836f0f8aafc913fb5bb026261d4459e00e982c794240e1724fbec85e,8d6efaa13362c01c8fcdbc660c6149c296a2554cecbe0c39c1a6cd630b477a8e,2,0
077498535f6e22ae79810852ff3a09c52a99d4a211ad386c8ac778207a9aad08,4b183575a0802d30c2f830810265c89122653a3364f537cade314cfff7c856d1,0,0
1b79082598d169a1b12542157dd5c838dca27f8894a0fc8d2bd0e9e5581333c1,4b183575a0802d30c2f830810265c89122653a3364f537cade314cfff7c856d1,1,0
26c665c6992c0d9980e979d20bb270a03dc82b0b35a088d83a2f7753ec4ca52e,4b183575a0802d30c2f830810265c89122653a3364f537cade314cfff7c856d1,2,0
ab6e8451a43df92d0294f30b057eb6c5c97d44f37138c93bbd4bfdff719f801a,7e29b4f791ffe23e3696539f085d7601ba1a2630ca38a506cd5be063ea37f463,0,0
9f32f1a4bc0716fc383e6c71ac55be1ba39b45caa3070a7711b68baba31af2bd,7e29b4f791ffe23e3696539f085d7601ba1a2630ca38a506cd5be063ea37f463,1,1
728dffd0780b10a27cea3320f90eab07513307eaf5cd3fe95564b6c46d925824,7e29b4f791ffe23e3696539f085d7601ba1a2630ca38a506cd5be063ea37f463,2,0
e324d07afd20e1384d904e3554875feb35e8fd9bdad9042a361ba6541a3ed5b2,cd4828a14b05a74379e813098d6b785b796c65740872613f36c543a22d85d4dc,0,2
00160841156deb7b38c715d2d98fde2f2bea156bea0f5a83f68e41e21d72abc7,cd4828a14b05a74379e813098d6b785b796c65740872613f36c543a22d85d4dc,1,0
3ca93e6b60eefe1e220217033514214b4026ac2951fb69bfd9fa11b002897f76,cd4828a14b05a74379e813098d6b785b796c65740872613f36c543a22d85d4dc,2,2
421c66fe653ae2e25da7a35477b35c0243af62121789e392e9b4d0d22ce1a0f4,e0a0f025fccc0718a2b3283859f44fd4527c5c98cdf18e71b8938250f08565aa,0,2
52d6293471ab416c2470cff1c761d2725e57bcddbe941cac37fec7b0f0cd6e83,e0a0f025fccc0718a2b3283859f44fd4527c5c98cdf18e71b8938250f08565aa,1,2
0651dfa01966e154fc9623de115f3cef5a7a071c4a153fc17f6ce9183cf1f3b4,e0a0f025fccc0718a2b3283859f44fd4527c5c98cdf18e71b8938250f08565aa,2,2
f14aea9b98efa58bc9febe85a38af2a0a5f3ff33910bc5997b5b0af15ba97645,9d0cb17e1ef6db29a8a6acd62d03e33d3e9336b2d25ac52c60ca6d3adb5e363a,0,0
277248b1bb6c724f1c6e618b8bfce8384467fe65d2ab45804c522b6a14c4bc96,9d0cb17e1ef6db29a8a6acd62d03e33d3e9336b2d25ac52c60ca6d3adb5e363a,1,1
5cf69e198275edc5004ab0dfad8277e07d83096036f53c3c448b23bdc49602a7,9d0cb17e1ef6db29a8a6acd62d03e33d3e9336b2d25ac52c60ca6d3adb5e363a,2,0
78b63572b0b3ad850c6fe9cc7c557840c51a25dca18cabe4e459851863c63ea5,e7174991f9667c2a9c72bee241274424b1e23975d79164a9d3c6c86bb3d95e3d,0,0
aeca8c1a25cceef5821a24c1b337b6a2ec540d148922b662a3493a276f0d9da6,e7174991f9667c2a9c72bee241274424b1e23975d79164a9d3c6c86bb3d95e3d,1,0
20de8c4bd00ecc14cb7ccfd8a913c9c9c646eb0fd66433473ce62ce99bc229d6,e7174991f9667c2a9c72bee241274424b1e23975d79164a9d3c6c86bb3d95e3d,2,0
697a1d47f1edff42bb64e0cc05c48a7365068e1a4a3aa046cd64b1800f6aeea4,82d720551599e83c49a9b550268760df635712ee15a1d9a74fee4a223ea1064a,0,0
d7a5c39cd3010f19cd07c53aa1040fca684d0bbbada93bb6e6477fc432ac1601,82d720551599e83c49a9b550268760df635712ee15a1d9a74fee4a223ea1064a,1,1
6143f3cf05d8047e40309f0c4a4c5d0b2ac87a5bc40c48dd9e31befc2525cfe4,82d720551599e83c49a9b550268760df635712ee15a1d9a74fee4a223ea1064a,2,0
fe91075a141dcb17d5e4a0d6ac0e08f08b564f1db6077758f8a69958a23b162c,e523110b04601d13d98629fd0f97cf89c90a6b1daff51c357fa65a3b15a3127b,0,0
78e7ed94ae95e23fb9adcacb1963fdf4b4c303134e59a1a0b39d11571a07afed,e523110b04601d13d98629fd0f97cf89c90a6b1daff51c357fa65a3b15a3127b,1,0
99abdff3be361aef8c41143f2b4cfdbc4e960efeeb6deb83587b876128a1c680,e523110b04601d13d98629fd0f97cf89c90a6b1daff51c357fa65a3b15a3127b,2,2
70fd69a5d1283216c119d4a574fb9aba797928f714f01f5884a14b2e19ee18dc,6d0ca36c55a495baff4fd78a077afc343f52e048a29c78974ed4e3abee9f6ffb,0,2
fb2ccb929abe5aa7de9f5a01640cdf0ce6e999874e797fc79e7254a30c8d9042,6d0ca36c55a495baff4fd78a077afc343f52e048a29c78974ed4e3abee9f6ffb,1,1
51bf9fb321147c5b1d74d2f6bdf6ad916c047b1ce1a6d31d7d62c526896a5f0a,6d0ca36c55a495baff4fd78a077afc343f52e048a29c78974ed4e3abee9f6ffb,2,2
148c2f16c3aaa86006ad300305d23ff3f90798c1e75149540c3bb9e1b620ae6a,5d52e424ef7ccc9e2ec4d0834c6d6f8fca6f95bb3011b32cc9147a14ebb649a6,0,0
957b73031e2b4ae770aec8cbaeb13890f641ce88e7f491cf70743f83810ef166,5d52e424ef7ccc9e2ec4d0834c6d6f8fca6f95bb3011b32cc9147a14ebb649a6,1,1
c0355c3aafab3beffbe03349906c930061f1d5cf7f629c4610e15d0d5320ae4f,5d52e424ef7ccc9e2ec4d0834c6d6f8fca6f95bb3011b32cc9147a14ebb649a6,2,2
f8b9d37269a8ec21c7d9fd22a3ead75e8d7db45e7fe309f9e0730adf3af72755,a08cedb9ba043ce3d131b95d07d589759326f8f47527d7cbb60dcc899b747279,0,0
8d5aa92011d35c272de84f9ef8b17f33f9a0c262713b611b426c20dc1dd9d4df,a08cedb9ba043ce3d131b95d07d589759326f8f47527d7cbb60dcc899b747279,1,1
72fc351088903834ae8697cbeb8b8c7bd8d00032587b7143f00a185d95e1194b,a08cedb9ba043ce3d131b95d07d589759326f8f47527d7cbb60dcc899b747279,2,2
5173098f190fe228b4d73b2ad134fc0ed405e76e2f63f6d48e8763cf2f18001b,78306e6bb01ca70e226ab0f1f7a772068ca46c3b80d2e782a4a392875e0cdce4,0,1
d3c9e53d751d6aff6b24bffe5fb4bae024340bde240775516a23b9bb7f220744,78306e6bb01ca70e226ab0f1f7a772068ca46c3b80d2e782a4a392875e0cdce4,1,1
dade5199468e2c47c1cc99fd04e50c4c5beccba9f94ad561a78d8bf2013dc05b,78306e6bb01ca70e226ab0f1f7a772068ca46c3b80d2e782a4a392875e0cdce4,2,1
942b57439ec52a3cb4e5b75062b1e36307492078cfd4e1ea7abce9c98cc3d6b1,3eb76ef2db0d2a5d33a4ffef94aa0cdb0b58b8cf01523db2372a8abbc7befba6,0,2
5692be6008507957702f665992114572fb92f80d44e4e2606103b2f8ab9d0a6f,3eb76ef2db0d2a5d33a4ffef94aa0cdb0b58b8cf01523db2372a8abbc7befba6,1,1
3d38c30e7cc4fe593811c002b54146a6912a3104c83dd5036a900da2936eee7e,3eb76ef2db0d2a5d33a4ffef94aa0cdb0b58b8cf01523db2372a8abbc7befba6,2,2
2c434f2dfbeebbc60d9810f7d8e41dfbc54bf953fd4737d6fc0f5a678f667b38,05bac05a112243736917be6ab598a0239f1730eeb41bf8346892762d8f3de0a3,0,2
088aad7ee237ad0252f563055d40d107d0c08f592d5f5bbca3e21ee0e3e097cb,05bac05a112243736917be6ab598a0239f1730eeb41bf8346892762d8f3de0a3,1,1
40ec3373c5b670ccbbca3c091e744337c60591c02de1aa2f374d26d1a6a9ee4e,05bac05a112243736917be6ab598a0239f1730eeb41bf8346892762d8f3de0a3,2,2
505c52c49089943d9736d9d3d3b10e9476a1bd65e4e8766f5d8144decb2dc53e,0ea1be4dde456551636a606b2b950e453f1f9b089bc1029893c36761e2fde1b7,0,0
3a48f6d005c7b56d43607e9db5e386a41734c87c9fee69d07ffed4120479d484,0ea1be4dde456551636a606b2b950e453f1f9b089bc1029893c36761e2fde1b7,1,1
5793e41416edb035ca40f34d83abd35ad74cab66a3c23c2962d768960ec39c09,0ea1be4dde456551636a606b2b950e453f1f9b089bc1029893c36761e2fde1b7,2,0
ec0941edcb5e5030f0a8776f15642f9a93a9a8035a5cf478bebab5aad049333a,c9d50b28efb0e4466f57b9e262e82acba30d593f0c50b0d4d7798a4eddf27349,0,0
f560bb5f614ae2be67bd1c1b2b68106fdd840f64612bcded80ac0b9a0beacb77,c9d50b28efb0e4466f57b9e262e82acba30d593f0c50b0d4d7798a4eddf27349,1,1
c80d23e85372d8239f360951b128cb28a69778d792c7f36bb0f43b175b3fe931,c9d50b28efb0e4466f57b9e262e82acba30d593f0c50b0d4d7798a4eddf27349,2,0
2dd16a8427f2fa51e4c6e18a83b18084825c0ee49a179074b91ef2bc8dd5d488,3df715cd18c31c14b35248379bc39a08c7a4a053a799b9fef390ddbaf278f142,0,0
3b887a64a7687e05edbfced8eca5c4a794e8f43d9b223077f27738a80ba2eb5f,3df715cd18c31c14b35248379bc39a08c7a4a053a799b9fef390ddbaf278f142,1,1
e1a2f2b3f30064c3115d5304d0c821c8e2ea869c7b2b8a5368c4916c154b9ad4,3df715cd18c31c14b35248379bc39a08c7a4a053a799b9fef390ddbaf278f142,2,2
3d31b18fd049208d17068a7caa6451eb0a856af89c3556d6ae55314c6ad98a77,63fc83e90c886d6ecf1c9fb32f8619aff843d7d7da7d021778b0a082ae58bf28,0,2
96463f843d035201421268f2dbab28dba0065ffc6858f1e319124bfd14edcb8c,63fc83e90c886d6ecf1c9fb32f8619aff843d7d7da7d021778b0a082ae58bf28,1,1
39cb6ab44f5cb5cfb2496273a1895c5ec9d91c838f1892e39e8e12d1bed884f5,63fc83e90c886d6ecf1c9fb32f8619aff843d7d7da7d021778b0a082ae58bf28,2,0
75b6ee51fb0ee0034a254d00fbf4f430324cff72b7812ba5f6c0c3c3a990a834,52d0b57aa779d3edc250e4c9590413828b14619ef2d4179821272398e17f62ee,0,2
59127f2bce203b110aadf5271ce8725e322dc2c0c317b97f4d909d8982d853d5,52d0b57aa779d3edc250e4c9590413828b14619ef2d4179821272398e17f62ee,1,1
8b3d709e47ecd067e52ce4a3d4b100c8caf9423b32dbb7ef3972a92580edc05f,52d0b57aa779d3edc250e4c9590413828b14619ef2d4179821272398e17f62ee,2,2
7a25a013ca696a2d3f2b0431b4804e7d6365a8d681184fb4d3e21681b3b2029e,46942fd1fc86abab974d118bb3cc1308e9e3a8d609d9a3fa66b4c39c5e207757,0,2
cffee8912d7ef31cc597edb21854dc99f2d408ec81d19bbb1af2c11a96686882,46942fd1fc86abab974d118bb3cc1308e9e3a8d609d9a3fa66b4c39c5e207757,1,1
d95f5f696ad9a177e436cf4dbf2283d4d3c763a41b857a2ac917af726dca39d7,46942fd1fc86abab974d118bb3cc1308e9e3a8d609d9a3fa66b4c39c5e207757,2,0
85f1ff95ec5b60861e5c05b7d36b4a0e3aabd4fc7e410945c9f7340ff9136157,06af613892a27c73ba12d3155ff59704c7411e04a14bc3e775b2f1fae58e3a67,0,2
2913a5706b2eed5f4ffead1de99d748f262a89335000763ab7c83895141d2beb,06af613892a27c73ba12d3155ff59704c7411e04a14bc3e775b2f1fae58e3a67,1,1
2ba71cc754c487ae8d80dbecf957c9e25f8fbf1143b729b9c8dad72d5cc0fbe4,06af613892a27c73ba12d3155ff59704c7411e04a14bc3e775b2f1fae58e3a67,2,2
b3bf48f56dc27e07321c88618e3b2479cc1c41e9f346d9affa907b50d04155a2,aab4bc7f32a889ec0408192aebe65aaf009340181780401a25bb129538f7421a,0,0
9bc91049e76c4d9e43e23517d004afd76a41f08d4f465cb2e75594252762561b,aab4bc7f32a889ec0408192aebe65aaf009340181780401a25bb129538f7421a,1,1
7bd51fcf045e96b33e9f6def41dd164cb8d396913ee07e7b1c4fec85316387f2,aab4bc7f32a889ec0408192aebe65aaf009340181780401a25bb129538f7421a,2,2
ef79c802fcf3ab1599e0c351c540a0b8bc06fecde831045e3f339c1c382d0666,74b9f902d57b74ec6f132cc94c7f6d6f93193d8770d947477891d7003e87ebef,0,0
7c53bef6e8c486a9ba452a5bf27ecc3c8153bb3d67872b461bd8b3c9776b8559,74b9f902d57b74ec6f132cc94c7f6d6f93193d8770d947477891d7003e87ebef,1,1
7973dc9ba20a2d84e654cab2bc208990c345baeffca2187208ef95719dd5c184,74b9f902d57b74ec6f132cc94c7f6d6f93193d8770d947477891d7003e87ebef,2,0
3a60a1c730a49179a570b64ea4ff616574ac6d30c6f6dcc317c033d901d5c2f7,280bfb73742e2de8b4fd5c01572a62968288cc4b03cef42e6a12a5c8cbf59866,0,1
6ce72b261e421ac8b3db817161b4adeb6d035426b378bc1148f668e2eec3dd8c,280bfb73742e2de8b4fd5c01572a62968288cc4b03cef42e6a12a5c8cbf59866,1,1
706fd7815210cfc6b2c7a282b9fd56be5414b38da4d8f63d3e619e99c2011662,280bfb73742e2de8b4fd5c01572a62968288cc4b03cef42e6a12a5c8cbf59866,2,1
448fca20c78dc0ddd1a6173376a8555d1686a130969ee9c72a537aa9617987fd,1dd3068bfe121e81a24837bc463afffc9013e5cee4f086842822f5173e04c117,0,0
ba04ddbefb0528e1ae2e6db22042e121e207f109dfde54157acc86bce9addbfd,1dd3068bfe121e81a24837bc463afffc9013e5cee4f086842822f5173e04c117,1,1
826ac9a4de21a5f6f63981b656ea7d61b5fbdd940e67fa69d07ceadf7b91585e,1dd3068bfe121e81a24837bc463afffc9013e5cee4f086842822f5173e04c117,2,0
bf069b5e256cb80a8946b0469d66c9d6342e5e5594807045a4e6027ea22cabb8,27c75e2358534f325545c8384b5feeca59f7844a1bb1bb0abc8d153f52ebdeb1,0,0
16865d2c85d67d970a0deb9d6a0dd9665842c3febb79010e87581d084a49098d,27c75e2358534f325545c8384b5feeca59f7844a1bb1bb0abc8d153f52ebdeb1,1,1
2d7c2c9301375a3b46e9844c05eaf6e92db13d67f54606cee35d43791eec159a,27c75e2358534f325545c8384b5feeca59f7844a1bb1bb0abc8d153f52ebdeb1,2,2
a0f20b322ba22a37163962fb45b32d8efb8f1e5e0433d424753362c3dcd28a66,809e57b8473717ae0e84ce65bfdb809e21f48677e8ea65495b14bb451b71d498,0,0
e7638cb90771aa812416e2ee4422ee8033c9a199537079633061864a55377608,809e57b8473717ae0e84ce65bfdb809e21f48677e8ea65495b14bb451b71d498,1,1
224eb611fa6c462d17b314fdf43cb3b9d41e71181a6072bfca833a590db4ad70,809e57b8473717ae0e84ce65bfdb809e21f48677e8ea65495b14bb451b71d498,2,0
9e6b8a46bc16a1a91e6351e9ec7d85ae2849e9c30fd18465a3b06ed0a00ebcd7,2f11cf78aeebddce358d9cacfdedebee300bf551a6c5594f18837a9417415fce,0,0
bf899fbf17ea78f5408b54da1ddb79c722879a92f86bac3c79764e4afa878971,2f11cf78aeebddce358d9cacfdedebee300bf551a6c5594f18837a9417415fce,1,1
e8eb2f1ad2875da944137960dcff5fe75e9c5177809041a6a6e2668105d3ad9e,2f11cf78aeebddce358d9cacfdedebee300bf551a6c5594f18837a9417415fce,2,0
944d3508b5c054fe6ea18f4bc8e576a0ffe6fd3ca3aebd095b2c738516168bcd,2138c848e9661ba2a9dc218a6378a94a182517bb0660a95372647639dc20a8a7,0,1
5f3426fc4cca0b4a68fad8fbd60fd4e14c0f5f403677c9a45807c5f20c284cae,2138c848e9661ba2a9dc218a6378a94a182517bb0660a95372647639dc20a8a7,1,1
6c104e87eee98cc109714b83d2acd15815a661be120bbb8c9a75f931df5977e3,2138c848e9661ba2a9dc218a6378a94a182517bb0660a95372647639dc20a8a7,2,2
3410b82336178e7840348564fa6ff871876b122c27d973b36f65b4d8dd8fdb2c,3a98b97e481e609d5d5db32474e987b8a2c50f58e08471a90843fcd0ecedc05b,0,0
cf41b59036c110f652ace5d1ebe531ab04f7864a6f456377e31942bcdca9249e,3a98b97e481e609d5d5db32474e987b8a2c50f58e08471a90843fcd0ecedc05b,1,1
44aa93518186a69baafee5ddb98d1b3786677721101d2bd595df5f10d89ddf1e,3a98b97e481e609d5d5db32474e987b8a2c50f58e08471a90843fcd0ecedc05b,2,1
d6e7c949bc415c024f0752540a45af44fd480eae561052c1a32b8244f370513e,c14528ac72b36bf4993c2c92d977b337841ea5a275324c5fb48cf19b12e1f4df,0,2
4c9521172f4174ac6408ea748bd79bc86155ee76375e59e107687d9499d022d6,c14528ac72b36bf4993c2c92d977b337841ea5a275324c5fb48cf19b12e1f4df,1,1
f742133a1a2d273061523cebc01133d3ebe2929be9e34f484d910150ca9e16f3,c14528ac72b36bf4993c2c92d977b337841ea5a275324c5fb48cf19b12e1f4df,2,2
78f63b0c2dcd9d53906a203caf01521c3b605af0c97292347b69aea916fc52d4,5b89ae4cced8e2c95586cb48d2a20b0e4f9010a3db4967181bf22e1eed84482a,0,0
985e9b7f8b8dbd9b5d5c5fbf5c82d08542b3f99f1e7fede7d9755361838ae4b6,5b89ae4cced8e2c95586cb48d2a20b0e4f9010a3db4967181bf22e1eed84482a,1,1
3b8393546221c700f18af62f97d789193d532371212ac4700129c09a689e0620,5b89ae4cced8e2c95586cb48d2a20b0e4f9010a3db4967181bf22e1eed84482a,2,0
1d2c7b0a7f8b18fb76ffb23303ea09a303be4f79dd501f07295705c13e758b29,19ac2f7ded5505ebdc5e0f281e1753738475adb8ddf3aa0c592fb79dd3fe671c,0,2
b04a748be86cb74fe536a4118101ab5b8af2ada38450bcda734023fa13b4fd0c,19ac2f7ded5505ebdc5e0f281e1753738475adb8ddf3aa0c592fb79dd3fe671c,1,1
805c80d4e6466e34952101386e7bbe5d49f07e2b3e416dde789cb181001aee6d,19ac2f7ded5505ebdc5e0f281e1753738475adb8ddf3aa0c592fb79dd3fe671c,2,0
3f457be26d326a9fc80d400a5896342d8cadc135f68c02be5fafdc6a46b4fa07,77fa2a566f3bdee20fbd1fdd9ef308fe6514fee4c1204402ff51d00833d200fa,0,2
726a6c9be0bce60f0ec59f7b98a2b99bd72d552f5f757779ce03323b49b76e6e,77fa2a566f3bdee20fbd1fdd9ef308fe6514fee4c1204402ff51d00833d200fa,1,2
4a81484b2a49014d972f33e11623223e3288387c3bd5fb0cc8bd0a52b3f4bff5,77fa2a566f3bdee20fbd1fdd9ef308fe6514fee4c1204402ff51d00833d200fa,2,2
817ebb4eaa185b7b93bf77f70363a0ff0cf98ec75ae906a3af0ad57693b8a10a,8e9ea48dd5f66046d0c33d36aa25629f06edd864ef36bc9eabf547c78e8248da,0,0
458ecaa1b1696888eac0de54cf1b1a375a057d6f4f8837c1fcff4853d45d746d,8e9ea48dd5f66046d0c33d36aa25629f06edd864ef36bc9eabf547c78e8248da,1,0
7e0dca501fc64679a7b84b7b3e7abc393a4f00f074f8641910a916b65710f337,8e9ea48dd5f66046d0c33d36aa25629f06edd864ef36bc9eabf547c78e8248da,2,1
8132f6234e6de54047646fb435f1b9086095234033e0954795ce56ed5962d350,b8266d5416e36c62107619581d1aad8e229b0871f508c69bea7354f7bf38d57d,0,1
5f1a1c6b22b7904efa09f437949ef4406e9e0693f29d8cea886cd5b38bada9a2,b8266d5416e36c62107619581d1aad8e229b0871f508c69bea7354f7bf38d57d,1,1
d54508267532afeffbd9d070618869cf456a77ba6f75d2de8c31729951de951c,b8266d5416e36c62107619581d1aad8e229b0871f508c69bea7354f7bf38d57d,2,2
f6984d276c59c9be5dc408e61607a01d2eac74affa191f060112f40aee6d192a,491abceed397d98e2f4c8d5d2834bfe7c21f2f37e9d8138099a5192a4a165040,0,0
b949e2e583028d9b99bb1adbf869c903b4339f903f8b5dd26caae6ed5c169d30,491abceed397d98e2f4c8d5d2834bfe7c21f2f37e9d8138099a5192a4a165040,1,1
6498e1563bea1b062bef80396b7ff5bcafc3565caab591520cfaee42af62fc03,491abceed397d98e2f4c8d5d2834bfe7c21f2f37e9d8138099a5192a4a165040,2,0
ce38a2f0b488804846b3124e19bff163476089a7aeac4f809212e41b0546d58d,9d705ef9c7295a7f0f77ccab13974cb012be03ed646ad961de46e62a74f9c345,0,0
d776c079c30d4fa450addb82ca40598559e983b650bb687d2a018b9f53a4aa60,9d705ef9c7295a7f0f77ccab13974cb012be03ed646ad961de46e62a74f9c345,1,1
3d1f7355b2671a6e99ec834bf693a6d461391bcc51c60f4de1366c690218bc81,9d705ef9c7295a7f0f77ccab13974cb012be03ed646ad961de46e62a74f9c345,2,0
cf4876cf360b563d1b80af73a732a4c536f02a56389c8917a000632e0ff6a7b4,93b33fa12789dd724fff02381760ff4ec6415f0c76511ed3c5d2f5fb70ad0e00,0,1
a5f058c6aedc65ae96d08f96bb93678b16d6daf7e8f95dbe04db347b173fcee7,93b33fa12789dd724fff02381760ff4ec6415f0c76511ed3c5d2f5fb70ad0e00,1,1
ca30ee3b8c8379e722c93f72ca8e3706afcd752549d9498a4fc5f77d3bd4f66e,93b33fa12789dd724fff02381760ff4ec6415f0c76511ed3c5d2f5fb70ad0e00,2,1
8f6dba591b82b722ac9210b7e9863dd6163238ec82348fd3b82ed20212b2581b,5eed5f3b9e2b8fa03b2496457da451a96a0544438073df38a8db427398c3d67d,0,0
cf9b5d8aa14e7e9e148423351cee2ee2e6fc207dbabcb89b880f0199590e0c57,5eed5f3b9e2b8fa03b2496457da451a96a0544438073df38a8db427398c3d67d,1,1
398e45b42509fde1dd2cc204fc3f20411c7a3e2203d8d54400cb3ab23b95adad,5eed5f3b9e2b8fa03b2496457da451a96a0544438073df38a8db427398c3d67d,2,0
31e5631c6864916a3d32d49b8ce919097bbba31389e3c835826bebf894937d9d,6cd286281c44901b71826f68aaded75d282f6051c4ba78adc95289332155bafe,0,2
e545a6e629db7abcb72e55c7b1ff4ca7c9b43891dc8b3af8289c5c36f7e23bf1,6cd286281c44901b71826f68aaded75d282f6051c4ba78adc95289332155bafe,1,1
975eeb2e0582624a029db9b56a89964a78c8838c335fdaa7bc6ae12944464837,6cd286281c44901b71826f68aaded75d282f6051c4ba78adc95289332155bafe,2,0
86e3a1ccd7257ccceb689eb7e04c86cc2969c4c177f8cce41b7118adb3e5c262,6f1bf332b1af6b570120dfbc163bb14453e08fdb0b48080850ab709a6dc70805,0,2
bf9b5dfbbda271b525eb906b15ea1260d444b9e53977b011039c76e36d92dad8,6f1bf332b1af6b570120dfbc163bb14453e08fdb0b48080850ab709a6dc70805,1,1
6b78c47d7f57af9d22d9b62c171dc9b0c51ef23f1c34cd46e8bfdab08a966671,6f1bf332b1af6b570120dfbc163bb14453e08fdb0b48080850ab709a6dc70805,2,2
dae281fbf1696781b27b082802d74e9c7aba6744606e6f19831592102cd386c5,b006d53718b78c87a24aafa62583b729f0ea62d13b949bc87e0e7474b2a71b21,0,0
611afd42f9de88c5af73475a37f1c1c83738220c56141534de8683e56520b486,b006d53718b78c87a24aafa62583b729f0ea62d13b949bc87e0e7474b2a71b21,1,1
16d65b7544efcfd521a514b22486af500774cb0127a8e18d9226e192ffea1835,b006d53718b78c87a24aafa62583b729f0ea62d13b949bc87e0e7474b2a71b21,2,1
5f6c0ba81f7b0260427d6ae538438c634eecf3f66bf82371f22cc11365a3683b,55c8b885683fdbfa9516ed02198e8477922ad5ce7d96940659604990fec4559b,0,0
b235b6c227deeada8ae0eeee48a9271362748ad0f074661ca01899e9a4baed17,55c8b885683fdbfa9516ed02198e8477922ad5ce7d96940659604990fec4559b,1,1
b44e61f4c0dd2f88846b338ca51d1acad8eb90c5660d9f9273518638da8b683b,55c8b885683fdbfa9516ed02198e8477922ad5ce7d96940659604990fec4559b,2,2
d9923b162b4aa5926b542808ba375a798314afec4197e92247b0020dd1edfb91,04e286bb7871fc6e71ad363660414d0a30ad1f97631bc6cc47624b3be503e6d6,0,0
24e32b29229b679cc9a041995fb091e88996bf31adfad721b12197fa46b9d060,04e286bb7871fc6e71ad363660414d0a30ad1f97631bc6cc47624b3be503e6d6,1,1
85aa979828dabc65dc8649501f256d4eaec6442662aa425306c8b38e60cbd9af,04e286bb7871fc6e71ad363660414d0a30ad1f97631bc6cc47624b3be503e6d6,2,0
02d1a5ac4912070dc692222dfd43d21d92986faade1b94f4f035c34774e65da2,32bfeb47959fd79ba25ac65986f18859ebdc1f3b03918f3ab6e1ad9649c2c526,0,2
990b6165b15ae76c9a8f551f25650fec04037db12a68b4e1acdb85095aadaae0,32bfeb47959fd79ba25ac65986f18859ebdc1f3b03918f3ab6e1ad9649c2c526,1,1
ec0f8104257848ae3ba496c17ea8e9130cd9f5631869e9b1ddefa4f15ebbd3f9,32bfeb47959fd79ba25ac65986f18859ebdc1f3b03918f3ab6e1ad9649c2c526,2,2
762d539e724fa7f5e23dbf166e27337851800148e10a14b2f436bbb433dd0eb1,c005f8c1d57b38af7819d4447d4b94c310f8d040838ecf9a11a505929db8055d,0,0
8e76f5ed24040fc96866c6d7bc317e975261536f7446b9140989f90fdd4694b0,c005f8c1d57b38af7819d4447d4b94c310f8d040838ecf9a11a505929db8055d,1,1
7d94fb3af8f5ecb0a87f287531ff83c846742857f51939327b51ad420a6d0c6b,c005f8c1d57b38af7819d4447d4b94c310f8d040838ecf9a11a505929db8055d,2,2
36e26f2c4ee4a882b4328168f47747dc3a2047e61e589dbce39bfe7285482f2b,872813270b9ca4971253a08bd6856bf6b0e5b634860e1c39504b0306117cbb4c,0,0
bfb120d60d0fad4bce96991ac7271a1e5e0a0bd8fa65ddfdccfd65d42b284a50,872813270b9ca4971253a08bd6856bf6b0e5b634860e1c39504b0306117cbb4c,1,1
44bffc4d4aea5c45abc8dfd7e0925bbc2c05d60f6e71e399b3802b275b6122a0,872813270b9ca4971253a08bd6856bf6b0e5b634860e1c39504b0306117cbb4c,2,2
07c7e654debc5ec2ec2f0fc56ac4dd6fe2d5d0575d326fb6685f06c9fb248674,793be141a6328373e77c4acc2228723f69438227ff9340702010b3cc9befaff4,0,0
644df6eeed8e761197cc5b339ea350fb1b0a23d9831faf4c9946766718beb255,793be141a6328373e77c4acc2228723f69438227ff9340702010b3cc9befaff4,1,0
f04fe3122cf55c0fa79cb7a143047a90798d01f85622e4895660388f15b557e7,793be141a6328373e77c4acc2228723f69438227ff9340702010b3cc9befaff4,2,2
bab29f26bf1001580a2194f6183aef544cf33630eeb9e456f4d8b7c9c62f8853,3a02890b693e8776ea6e74f3d8b2cd11b4776158d695a4822a654f6c961aa8b1,0,0
6cae777ee6fa8dd0bdd717e8b03d669c29745ceb24f4ac73575d4bea83e3c9fb,3a02890b693e8776ea6e74f3d8b2cd11b4776158d695a4822a654f6c961aa8b1,1,1
165370cc6a206c66556eab082e720324801421af88a9e2e47b1de22ad405e5d3,3a02890b693e8776ea6e74f3d8b2cd11b4776158d695a4822a654f6c961aa8b1,2,2
a1e420ef23d0d4b35965ba374a908994401a3e7647bc64c51e22d2100a7b67e6,ae65a5a96ead2f23a4b55bbe52aa5c131690497b421cb62cf6e6984978d9bae4,0,2
181db62af8f42b71586bcc773624ca006f5dafa2ba79ffffaef8fdb132b62f5f,ae65a5a96ead2f23a4b55bbe52aa5c131690497b421cb62cf6e6984978d9bae4,1,0
95a72a295e04fb61a8c4dacc7f5f5586e57805394fad2779546451eedaf2d08b,ae65a5a96ead2f23a4b55bbe52aa5c131690497b421cb62cf6e6984978d9bae4,2,2
c769b1b9641a0320f48693a8b44d87d48b37df77c52125fc9eefefb7991eff34,f018fdf4cc8a653ab98d5d52bc84ee55943a4529af9af11ec270383e18301c2b,0,0
de2904c855fa89c0d63d437f719895e4141f431e6a0e92e0fa770b3195047d22,f018fdf4cc8a653ab98d5d52bc84ee55943a4529af9af11ec270383e18301c2b,1,1
75f57186b0c13bc46101fd84bebf25e86755b4d72279c39795ea6946c2aa0230,f018fdf4cc8a653ab98d5d52bc84ee55943a4529af9af11ec270383e18301c2b,2,0
0cdaa9306b171ea20558e1fc52c7f585f1c39837a8b31223078d02fd9c39277d,c46eb942dc389934729c813c9a930eb71a6516c7a53b8abca069b1eeabf4cf08,0,2
d2e86e648e2009ac1b97be9f64a3818d321ea0e39aa3724ff4587c636976a104,c46eb942dc389934729c813c9a930eb71a6516c7a53b8abca069b1eeabf4cf08,1,1
4c04243cb65488ba8b6c5ee9c89a5c7f1e56802d764a8f1e06e1a8eb97aaa680,c46eb942dc389934729c813c9a930eb71a6516c7a53b8abca069b1eeabf4cf08,2,0
963208f257c92beebc4250b839c22b27bd90ecac6340d3607662cf0dc72382ed,c79d4bbc668a94385981150d6f9b0b0635e95682af44fe97ce0892d3bc0f2493,0,0
f384c9f5f125fe075f0eae505acc3ca4f95fdbed3da2da85ea1ad37b89f223c3,c79d4bbc668a94385981150d6f9b0b0635e95682af44fe97ce0892d3bc0f2493,1,1
93cd969313f232d42774e07341027b478a86299525fc23139c8af193ee2f3d03,c79d4bbc668a94385981150d6f9b0b0635e95682af44fe97ce0892d3bc0f2493,2,1
10a37032d0919aeb96db42f3c9d52738f0e4512da139a9b96709c7468526a264,cf68c780fe279a9dced30d957d3a01d015c99444541ce2193431bfa1c58e53ac,0,0
b38e841f416b79bef21ea059a2b6b14e03d1eadfb297b2a4896ddf43c130ff06,cf68c780fe279a9dced30d957d3a01d015c99444541ce2193431bfa1c58e53ac,1,0
53872d6244869b685de3041e2df281e60bbd76738b742bb415d84bde3f68ff0c,cf68c780fe279a9dced30d957d3a01d015c99444541ce2193431bfa1c58e53ac,2,2
0c59e328bf2ff4ff66498e499bf703920c1db86119f33acf87678b5a62eb8ff5,f698f1a0373402abd407cf4a3e5ff3312df78b882d3305955bcba8763465dda5,0,2
79c18c1309eecbbdab4b19c00bbe3224108b8f0c1695d1356e95bebafa4263ad,f698f1a0373402abd407cf4a3e5ff3312df78b882d3305955bcba8763465dda5,1,2
c6d0f3a97df93cb548609b14c6cb7a6143fa8c3a08e09a22289153b9e304092f,f698f1a0373402abd407cf4a3e5ff3312df78b882d3305955bcba8763465dda5,2,2
f6979997d2a877ca81eb39e94435f6ec0090d95aa3e4b110e22339cc212ee042,7dcb5123c9d627eac5b373c39aac253bf93db425477c30b4e50e556a1b044b38,0,0
975b90d0a33d1ccda91f26a13689294de1c4adc935065f6ee5af4491ea53252d,7dcb5123c9d627eac5b373c39aac253bf93db425477c30b4e50e556a1b044b38,1,1
d1ee28ef05ef02d8da187bd76b46e7aee4e9f24458b35a140f3deb1f15c9b1b1,7dcb5123c9d627eac5b373c39aac253bf93db425477c30b4e50e556a1b044b38,2,0
2e820a852340997cc28653815ad5e7e1b4a8312c6073a24cde0fe17c39a2382c,2b39dc1af2c574e27f7663d20e258a1f1f1c2780bee99ebb1aa3aacfed4bbb5a,0,1
479a93c5855323415db19265b45a81a01f46bad3c92f689dbbf1b4bb91e42c14,2b39dc1af2c574e27f7663d20e258a1f1f1c2780bee99ebb1aa3aacfed4bbb5a,1,1
d24c7d8e4815704d884a2e50754d195cca61904a9117c5679299d3960a0cbea5,2b39dc1af2c574e27f7663d20e258a1f1f1c2780bee99ebb1aa3aacfed4bbb5a,2,2
505ebcdd607b76b773e3ed6c08c1a21d334e3f885ae41e5397469e12373fb37e,177e07cc6512f16528d89ea93f72fc9627113b45ce3a408db79b30352f11a50d,0,1
5e2fc7ba9f5d7f54f41f309512aff3e2ee6920e2061c4fb7e198c55e91797aeb,177e07cc6512f16528d89ea93f72fc9627113b45ce3a408db79b30352f11a50d,1,1
23ec137f407fe416730f4b38addd70f3db3db969edda6d0d03cb2242f97193f1,177e07cc6512f16528d89ea93f72fc9627113b45ce3a408db79b30352f11a50d,2,0
05f603ffbe3c7c5f5a5621929819cdd6309ab57f89a714ad8e7d7b9fc39c9f2c,9ae9b113068fc6f8fc9893dc0b7b0eeef4b132629a9093d1f1bd7df8631a9e4b,0,0
40ffeb3b37f1f6d194e843b7c5b0e13453cb331f61d3b4458cee174af2ea9f4b,9ae9b113068fc6f8fc9893dc0b7b0eeef4b132629a9093d1f1bd7df8631a9e4b,1,0
68216a413c4c15d44a8ebbd3b20a5304812a0d5b523b82dfc175e196216c98d8,9ae9b113068fc6f8fc9893dc0b7b0eeef4b132629a9093d1f1bd7df8631a9e4b,2,2
2725ec2028dfe5981969c637ea84f289743f915dd667b9bbd14efa68499d027f,e345eb4504af8b7ff3759b5c0b15fc5d446a1f5e7cda4e057a5ac1435f86d9e5,0,0
de2228225311c5d7181445e13206d2d14a6a58b56096308432d4764027247fc0,e345eb4504af8b7ff3759b5c0b15fc5d446a1f5e7cda4e057a5ac1435f86d9e5,1,1
11202e2fee344a8da533464c0a07b3b1db35916b13d4a814fa07e4cd0702273d,e345eb4504af8b7ff3759b5c0b15fc5d446a1f5e7cda4e057a5ac1435f86d9e5,2,0
72a882d0d46a270b3780fa1216a041d4df5b2446f413d2d32c0dc220a0efce9d,ab1fec0a0d3b9386accb5d71da81f8796e3f8b2dc9d6c135f86371f28cbc5a06,0,0
91477ce56c1c7c16cc8b8b095d4c73b565e418561fe07f3b866759b5d9b49bfb,ab1fec0a0d3b9386accb5d71da81f8796e3f8b2dc9d6c135f86371f28cbc5a06,1,1
e6e8c92432f12744cb85d69ec28441bc10e3556079d54be1bb4238c855a8d249,ab1fec0a0d3b9386accb5d71da81f8796e3f8b2dc9d6c135f86371f28cbc5a06,2,0
5748471acf15523395523594dffe0dd308de5c8c080572309d04b341048cf327,539f2961074f7fd372ca8288cb925cd7c7c7cc0eff78691ca6f8503d3e4b0f65,0,2
2b57d8b926ab2cc503b15280d546c6ac59514e5e7c6460acfbb7e9059f6426be,539f2961074f7fd372ca8288cb925cd7c7c7cc0eff78691ca6f8503d3e4b0f65,1,0
52668858c2e4b0ae93ab22e4ce6ac1e661d75d73f6308900f04fecca4c992218,539f2961074f7fd372ca8288cb925cd7c7c7cc0eff78691ca6f8503d3e4b0f65,2,2
86a159e09effba872aa9fad4ab573ede71a328fabf8278af6138e3eb363547c9,20cf3f112ebbdbc18a7ecb8e7bba1a80d0dbd0c15c0bfdcfd7ee5f1f33663072,0,1
6454aa477d053a13450f328d69b67d85afba7ee6ce494e62814716122b60303a,20cf3f112ebbdbc18a7ecb8e7bba1a80d0dbd0c15c0bfdcfd7ee5f1f33663072,1,1
0feca4cb81b7e051e58cfd292d1e926a038a1e77f60392119b46357881b43855,20cf3f112ebbdbc18a7ecb8e7bba1a80d0dbd0c15c0bfdcfd7ee5f1f33663072,2,0
67c491efd69dbf152d456f147abec7df2004ca983f0e7bd5a870b9943eec940c,4a4460fcb0298158eb8ad3bba91a627494c87a18a6fa469f61e1e8d670c8f812,0,2
5fdedfa166c23191a807383cf3b768f2c3ae6c92811a0972d0a246a936ff4b24,4a4460fcb0298158eb8ad3bba91a627494c87a18a6fa469f61e1e8d670c8f812,1,1
b34d450acebb6b76a3bc36b764db84cb62d9605d6974f0126ecb51962301028f,4a4460fcb0298158eb8ad3bba91a627494c87a18a6fa469f61e1e8d670c8f812,2,2
f6a11ab2a80cbb292f91ee9d406f4007a0e6b34b7fbe47ab7f9bfd76a284d385,cf49c29712d1818e3890ff8dd86219ea98f077ddfeaf3bdb90462357bbaf3347,0,0
a55cea9697c67381638f9d4f381a55c5625ad706227c33cd6498d4c68a3a7b27,cf49c29712d1818e3890ff8dd86219ea98f077ddfeaf3bdb90462357bbaf3347,1,1
4a4d91150105472ef99a79556a6e9f33f84f22d04a7ab7ad06598673674b7f97,cf49c29712d1818e3890ff8dd86219ea98f077ddfeaf3bdb90462357bbaf3347,2,2
9866a4e7edcb2f7cffda533a9264b8d661a493514711e911e46c4d99dc8c6ecb,5a5056f283e0703fc29f59ae5e14b7e082104db62c197dab9329b02c53d70b5b,0,2
e9d4998101dd6f847e820e917705bcc0ca5270bc3208e140a76841b80cc7bf3b,5a5056f283e0703fc29f59ae5e14b7e082104db62c197dab9329b02c53d70b5b,1,1
95b31b9b450893e3b39710723b0f98773d369aec685de1ede9bd1731e7b12ef4,5a5056f283e0703fc29f59ae5e14b7e082104db62c197dab9329b02c53d70b5b,2,0
0805c93566e56ff1a548ed0c4d62ba24836afa5296cafa7c6e67a473ea5d561f,480f6809ec3259c9d99e4f5cc07bf425ff5deb666f6f77f2017960c4ea465ad4,0,2
bc93434fecc0cd62b6a5b687a35b68a8fe6264eb228f6e9bda36748d84e02385,480f6809ec3259c9d99e4f5cc07bf425ff5deb666f6f77f2017960c4ea465ad4,1,2
e922f77714a73925b7ad5771fcb7db14e39ff1982b7167ef717336ed227e2baa,480f6809ec3259c9d99e4f5cc07bf425ff5deb666f6f77f2017960c4ea465ad4,2,0
b59508707545800c00f698bc1db03347f0158392854c4d45040f833ff88add88,eb94d7af09db5ba2341b35c7600b257f03dc931ea923c277db302a4ddf70c174,0,2
0b492fc3536ee698e882e62040a9e8b31f0fca9eba5eaa1c14bf4815ceb9b04f,eb94d7af09db5ba2341b35c7600b257f03dc931ea923c277db302a4ddf70c174,1,0
67da86dc2d3e39f201e750dd078f5b0971576770cfe443e78e3fbdb260550e52,eb94d7af09db5ba2341b35c7600b257f03dc931ea923c277db302a4ddf70c174,2,0
627846d65ecc862f9402b08db9719256bd2098e0e5c6c8f2fb0260477999029b,7e74211818ec6eb6096a982fbb314b3b4d9a15265932c568d624c8e76418c086,0,2
90b0bd64283a57f6fd341b35ac0d056e822b0e1f0988ed4263cbfee0b540e058,7e74211818ec6eb6096a982fbb314b3b4d9a15265932c568d624c8e76418c086,1,1
e87330e4cb7fae566cd181ed5ca9bdcb3f72387c7decd5379d502015a8bf2a3e,7e74211818ec6eb6096a982fbb314b3b4d9a15265932c568d624c8e76418c086,2,1
1ff827836c94b99306d3d120e887c700ed28423296311574b8a670f7c60d7ee3,57fd5cbc465df6bc24f244acabf2411a18a41d345b6f5da2f7ca07de0748fe00,0,0
cf22ca24659e9b556e7332a39963de339f61005dac69bd426c81187aed717f23,57fd5cbc465df6bc24f244acabf2411a18a41d345b6f5da2f7ca07de0748fe00,1,1
585f8706494ccc0146b84e0ef47444e473eb6aa2cce182c2fbef40fe450a43e8,57fd5cbc465df6bc24f244acabf2411a18a41d345b6f5da2f7ca07de0748fe00,2,2
0be3a3535d80358a7027a12ea7b727527f020e11d4029b8d89efded27a60f0ee,be50321ee4eb9bae1969b35bd12acfab9a7cf1134e93d1533a6a51d52877c8de,0,0
21d1425b3854750fad2fcda67b38015abb4ba72e8e2ae53d7875bad61d859008,be50321ee4eb9bae1969b35bd12acfab9a7cf1134e93d1533a6a51d52877c8de,1,2
501351a0219a97b2d3f7de29294b5fe3929806e0f5c6557e6bb37c73f5e5b397,be50321ee4eb9bae1969b35bd12acfab9a7cf1134e93d1533a6a51d52877c8de,2,2
7ea0880ffcea14262285f901b07baa9899b5886e73ffa89c860a095c875520d0,a1a7da6b15018143630e9d282296b9974546042a41965e286b476c015627e0a3,0,2
f669304a4b70309ae0591ae95ecdccf9ec257368782b1dfd7dfc441dfb7811df,a1a7da6b15018143630e9d282296b9974546042a41965e286b476c015627e0a3,1,1
985a586f7133af25c5d9ec0641a4aa36f19600d35d2964c34d310288b17a1d16,a1a7da6b15018143630e9d282296b9974546042a41965e286b476c015627e0a3,2,2
baf15964dd05c29f78a3a9c91c8f2330dcbf81ceafaae51ff73669a6d0f1ba73,9738f15c69c28b30d4a912b56d58ed93bd852f21391075ad9e043c40a84ef00b,0,0
1e1a355108e66c084c7187e41fba1e1d6ea5493ff8bd71527f17b3cbfd4ca0d7,9738f15c69c28b30d4a912b56d58ed93bd852f21391075ad9e043c40a84ef00b,1,1
1ae21a4647a984f76ee348a8abe3de65f822fee4b833c4f183cdce45b1b733bc,9738f15c69c28b30d4a912b56d58ed93bd852f21391075ad9e043c40a84ef00b,2,0
84d1f4a2fdcb6acdbc77e3bb24345aa7b2aaf1e660d23bc4dcf0ad3bf41c5931,3016fa04e79278983a3e3e84ab906812075a6a9b01e7c1cbe687d351d53a93ed,0,2
a37f9f3caf190408a795de1001e4ac645829cf878c7d880c52c5a76fd1499441,3016fa04e79278983a3e3e84ab906812075a6a9b01e7c1cbe687d351d53a93ed,1,1
ce1fa39bf01d289af985a4f368d76707a3e9d61eddc3f05b366fcc14396cdf10,3016fa04e79278983a3e3e84ab906812075a6a9b01e7c1cbe687d351d53a93ed,2,2
d1126e1d6f689cb7e5c3d3371b49afc16daa8450f0983c7359a76f36530c4bce,e0fdc69e4f368c49651fab00fccf9c0bee098fe5c5e2fa3e462054b2a09f24f7,0,0
1423405a57bc95d861bd50c331da6ca4d30c372c5089484df93591e426249717,e0fdc69e4f368c49651fab00fccf9c0bee098fe5c5e2fa3e462054b2a09f24f7,1,1
5d67d8848efe855d82a707ab0a449b81d5c218887bdb86b05fa9fa43ea1be075,e0fdc69e4f368c49651fab00fccf9c0bee098fe5c5e2fa3e462054b2a09f24f7,2,2
44dfd36d59c2065d41bb9df1dc1db12b061fbc72b526becb83c797a9f3f8e841,cc89ce701b066bd2406c20017ecbb4b50c0adf0d4560ea2cbb76cce9fa7ea5d7,0,0
1c70ea24bbe4ea26f85745f1399a0f40eb7b208d6a06a8356a97c56244039d12,cc89ce701b066bd2406c20017ecbb4b50c0adf0d4560ea2cbb76cce9fa7ea5d7,1,2
680a61f6a7220326afec92561ee9ec77d93148b672c6799a16e9cafb7a7f18cb,cc89ce701b066bd2406c20017ecbb4b50c0adf0d4560ea2cbb76cce9fa7ea5d7,2,2
e0776c73099233671ce75a2b7cfce65152de7b895544c34ab4173b77c841b45c,112ef4cb5adf830f5c898fd24d25557c550e756b75282d72420a0199e8468e9a,0,2
17cef23fe28f5b49e58762f62e9fb13cfccf84f917ca6692188eb3694f9d07de,112ef4cb5adf830f5c898fd24d25557c550e756b75282d72420a0199e8468e9a,1,1
376417bdcbfe3ef4b12aa781f0649da74bfd187784211ac6c186208b856ef7cc,112ef4cb5adf830f5c898fd24d25557c550e756b75282d72420a0199e8468e9a,2,2
267d8d01602ab511448ebe3176fbd91eb0fbc175dbf75641324ac05de6d41849,be980891fdf31848487312620500c01a3e94d89be6ac456710e6be8a6c6b20d8,0,0
b0a7eb38234dba767b56d377ae74023f846fa536c45be194a2b6e0bc02594c08,be980891fdf31848487312620500c01a3e94d89be6ac456710e6be8a6c6b20d8,1,1
42e86914c7030465e25b23fa9581d6e2d0499e5e1b0e8d900722ff46c2c57f00,be980891fdf31848487312620500c01a3e94d89be6ac456710e6be8a6c6b20d8,2,2
af4f0a8d634c5bbb22d4c7e0029576abe5b920daf19d77575051e1a035c328c2,70b85c4eb0143540d878e8931dd267a29d12b8d388e9fef3ed099ac00a5bacf0,0,2
043b5ac1496e989a08fcb5516cd00edfbeb7aabbd721c75bda4e5ff5f4eb16d9,70b85c4eb0143540d878e8931dd267a29d12b8d388e9fef3ed099ac00a5bacf0,1,1
54493dbc8a98118a28db5e788a0381ce0d87cef1a1a65953ffc3dfd23eda1858,70b85c4eb0143540d878e8931dd267a29d12b8d388e9fef3ed099ac00a5bacf0,2,2
0ae0070d4403e519fdbb77f50808f889d00b2604f0b2d3cc603251239d39a670,ac58d7b443a3784e8311ddb59f6b170d6280d528fa7edea226c2b1deb526f0aa,0,0
aa140bd0ebe1360ea9d37e5adb6e67572ca1a3eb3c6b15794e2d08a629fa4c12,ac58d7b443a3784e8311ddb59f6b170d6280d528fa7edea226c2b1deb526f0aa,1,1
4dff0562bd814af22aed3d210ff63662a5ed9f36a919f16a86e1bf0a25e93d2a,ac58d7b443a3784e8311ddb59f6b170d6280d528fa7edea226c2b1deb526f0aa,2,2
ed98dd4192c38eee97665db1ef655135c8f7c3f4ab9ac3c8a87fedd3dd8ce9a1,1c7565e74cc1d6de9e22969b7d9f29c0424c92206c3388f3cd78f3cd2279bec7,0,2
957704c729eb59f0c9e713d4c7ac259613e2b8fd70688b0921f20c66a20a62ea,1c7565e74cc1d6de9e22969b7d9f29c0424c92206c3388f3cd78f3cd2279bec7,1,1
a7610ef48792fd4ff0a4df26cd0baca2edd5be952ac9ae5c6fd16278eae7fa4d,1c7565e74cc1d6de9e22969b7d9f29c0424c92206c3388f3cd78f3cd2279bec7,2,0
5b5b5332a0daece17d8abe126e5b4d935ef2843a2b524972b8ffa0dc48d4237a,8a0a4165e10fed7be2bd705c647cccd55a10f0da87da3b4d6a76cd2d3e874dff,0,2
87adfb01d55e08a612025ef0f1dddc9c396f8455a1bec2382e8d2adda82258f7,8a0a4165e10fed7be2bd705c647cccd55a10f0da87da3b4d6a76cd2d3e874dff,1,1
2e5a632e57c7f5994efc6b3e5b7aac61f1ee2dcb4f9c0859f6a3e1f834c69ed1,8a0a4165e10fed7be2bd705c647cccd55a10f0da87da3b4d6a76cd2d3e874dff,2,2
17074b9850bfb3a1911537eff01c3c115200ccf7e495b266e6242a8b2b69a16c,963bb099aca00f5290b0258f0ea8f8d4420e6ca345f2574997976275d16c48a3,0,0
3f0afbf2e8e17321e42985570c84a5d8cd94a192ac93117e9852f294d57ce29b,963bb099aca00f5290b0258f0ea8f8d4420e6ca345f2574997976275d16c48a3,1,1
43e47b819fbf9b556f73ef2f799e3e2238f897326710239799660ff5a5dc3312,963bb099aca00f5290b0258f0ea8f8d4420e6ca345f2574997976275d16c48a3,2,2
ad11579fc793c243d348321859a2026c5487d0cb7b38c2a076c053ce6d213f94,0797fa3f63813c370812a56986b01024828d546e407af4a208aeb8cea91caadb,0,0
05b991b20ecc80b14364f2e9d4457cd4e72ec3658c5603b855f47ee97f0a9f85,0797fa3f63813c370812a56986b01024828d546e407af4a208aeb8cea91caadb,1,1
0eb1871747cd09c6bad64a4906c23496f65f7469287327935d9ba6eeb7ba06dd,0797fa3f63813c370812a56986b01024828d546e407af4a208aeb8cea91caadb,2,0
baca22310b4a5d3e66b7a8604f92b36d2dfd57ec8a18d6c8a1f662c9b18c608c,270caf1e9454cfdcb318886f23204a2bd3ef2e23e3b23ee0ba4bd6271bdf9318,0,0
a7ceb877beee72adef3a280789b3beba96b5bb0dd9ff3f162e3f318aa7d72f6c,270caf1e9454cfdcb318886f23204a2bd3ef2e23e3b23ee0ba4bd6271bdf9318,1,1
81fef8d5f1ec112c79056d4f827ddd91d28d3192cb8abafe242ddaae66195d47,270caf1e9454cfdcb318886f23204a2bd3ef2e23e3b23ee0ba4bd6271bdf9318,2,1
dc4a548d40b28fa0bb6edba80417cd22e8bb605bc0b1e7771195c331c0b905a2,a2d01d449c9a4f4e66beed37604e2591d5e97266b794bdd2ef11d00af5484743,0,2
f03fae7e698e94beedcd8b10b9a9c4098ba573f795a1f39087fc8530cdd13ab8,a2d01d449c9a4f4e66beed37604e2591d5e97266b794bdd2ef11d00af5484743,1,1
0e8cd97a05719908b00d605b560ffe8b65e0d1eb35a3dd0387375da25809aa07,a2d01d449c9a4f4e66beed37604e2591d5e97266b794bdd2ef11d00af5484743,2,2
8b9de36a6915a352947efbaed9db3fc3b4a5250f9e249bf5a0c689b60e74b0a4,ce0e13d5078a031a40ad92bf77433614ce128ab2da229ef672be0df033fd2e57,0,0
861824033461f134b6eed1418e0b19d6e7cfd795c16213565e6d5d80efe09eeb,ce0e13d5078a031a40ad92bf77433614ce128ab2da229ef672be0df033fd2e57,1,0
fd6aa54306e715f8d52d8eabc3bd8074c4eed6452242417c3e529e99408526a5,ce0e13d5078a031a40ad92bf77433614ce128ab2da229ef672be0df033fd2e57,2,2
fc788ec106e3c4314668aac0759ecb5a2f49814c25de254b3c6baae585b4cc5f,0366a845e6be6676840469b2341ffa89d54857229e44fb0f8619357f8dc3ea7f,0,2
5868bc0e845b68a541762c9ef6ddfe9247c5836192f9993b17f50a458596a095,0366a845e6be6676840469b2341ffa89d54857229e44fb0f8619357f8dc3ea7f,1,1
56384f0e1369efd35a29e27f72dae09ff7f8378244a8ab136216ecc2a12ec637,0366a845e6be6676840469b2341ffa89d54857229e44fb0f8619357f8dc3ea7f,2,2
a30f6258cfd3b02da5cf3007284126dec6d5eefcad25545782eaa91ed1bbc370,818ff71c42a882c1c2d633c58d279db820460e5a8dfed8332bf7a3d84c132d89,0,0
f522407a9d45540106e23bfe7d2e85014bc22ed7480fe76d60641af5242ce61d,818ff71c42a882c1c2d633c58d279db820460e5a8dfed8332bf7a3d84c132d89,1,0
e11a16d608214f460a52da480c0ef2aba405e3fb67aaa37971e676fd5a2bad74,818ff71c42a882c1c2d633c58d279db820460e5a8dfed8332bf7a3d84c132d89,2,2
963e5240db0bcdfb79e5d54a695235cd02fb7fa6cc2134fb47b62c7be9ea8b4a,9a4bb16b5ef40dd9736831030fd48fb26160639799a220c5e78f1360ce136dd4,0,0
f2e3be127e4b0aee47865d70a57de8f535a41b075cc6dfa585e21137faaf6935,9a4bb16b5ef40dd9736831030fd48fb26160639799a220c5e78f1360ce136dd4,1,1
e72b78f32883eb86cf03dda05241db7973551cf3b8876f70d113d80fa332f567,9a4bb16b5ef40dd9736831030fd48fb26160639799a220c5e78f1360ce136dd4,2,0
1fda5f86e5308ad7d3b189afad734f43213542f60c0ef26e0bbd0a787bb59217,e9c2d57cb906789b1aaf6196cfb5f12fef2a5dccc6399e8a82114d6df443bec0,0,0
d60e7d87134fd0e16168c92f5541fa7a22b02c942ca035170fe5c40da6f22a31,e9c2d57cb906789b1aaf6196cfb5f12fef2a5dccc6399e8a82114d6df443bec0,1,2
aaaf40dd0fa6ab6f59f7ec659c524db6c7e0bccf3ec2ff2c1f37fdec360b5b4a,e9c2d57cb906789b1aaf6196cfb5f12fef2a5dccc6399e8a82114d6df443bec0,2,2
cdb693303e2ffb858d0335ff0b068eed8999046f6d68f9add5a722a86cbe6440,9859e316b95d92f2ea36e470c575b44d70ebfaff45079d3096720020b3d3f265,0,2
b02d94829a8adeee8b13dac5e69bb892cf0138345e14700a3e7f5817554cebe7,9859e316b95d92f2ea36e470c575b44d70ebfaff45079d3096720020b3d3f265,1,0
7f04ce25a8b7f842d912fbe0ee50e638f92288f591200e68cd8a900a78772303,9859e316b95d92f2ea36e470c575b44d70ebfaff45079d3096720020b3d3f265,2,2
2e50eab347cc2d07f9e03033adf3abb6aec8ca1958668e5317423b5de4a2979b,ab8e2860b6703f117a8028742fc3bbc597ce302033ee7d5c0eea378025a338fc,0,2
c11a50b2e01593c3057396a9c74e0fb3d74519f5d781c1e9b1f36abba4e51f8a,ab8e2860b6703f117a8028742fc3bbc597ce302033ee7d5c0eea378025a338fc,1,1
3932c3415f384f7172efe05bd815ff7138227ab145dc6af795eea1ff0dc9ecc9,ab8e2860b6703f117a8028742fc3bbc597ce302033ee7d5c0eea378025a338fc,2,2
e6c57a07d40db5e384b3cde915f1693020ff5f1e86fc06fb7160a7766ae7b154,143ec92bdbe6e441056528b194dc279e7ecb97baeed3c16fcefbab3cd32d6865,0,0
00b2d288f0e446704a0325aae571d1e5a2779e83c210774f3787d6edfe09bc53,143ec92bdbe6e441056528b194dc279e7ecb97baeed3c16fcefbab3cd32d6865,1,1
78b4224438ad3de1601c007e7f3d50baa2a4f5dfb9e150b83cee9e8d4934d938,143ec92bdbe6e441056528b194dc279e7ecb97baeed3c16fcefbab3cd32d6865,2,2
a938c47fb7b036cfec572f7dee67f2978d827ac5f5053315a4b0f8ea9b9f158d,706fe6e806b5d9c7def1c2f25c729b9ed1f244c5ad1d4fa990450360c72f36c1,0,0
34fe9c77811e5a1e609d3cd3acff7c775da0b21023887c693bfb15c8f1d7c9b9,706fe6e806b5d9c7def1c2f25c729b9ed1f244c5ad1d4fa990450360c72f36c1,1,1
8433210c067e88472b805aba8938afb51d68569e5585b0c6f6f1de4b982ff99a,706fe6e806b5d9c7def1c2f25c729b9ed1f244c5ad1d4fa990450360c72f36c1,2,2
277716f03e0c78ed29bf2947cbf6ab2e941ec4914c4bee172916647d93b8784e,190a9f8715ef67bff608fde3b85971fd49c23963c60e46e92ef50df3395886aa,0,2
3ef972337c03e9a18dd592a8e265a965aec97421d42027227ff60a3f8a368338,190a9f8715ef67bff608fde3b85971fd49c23963c60e46e92ef50df3395886aa,1,1
e0b97d66faa46d911abd4b839f3172c11bc97cf9478569811feec766706d269a,190a9f8715ef67bff608fde3b85971fd49c23963c60e46e92ef50df3395886aa,2,2
95cb573cd141620308d93f8ed43171c3bc833516e81ee50af0d7395d487b447a,112cd1f76ac7232adc822cf7db9e522fa8920ecb113f7556e5eb1b54aa13f623,0,0
29fd849d661fcd4caa2962b0894e3adfb8c9dad1a631040f2621398efb68ab51,112cd1f76ac7232adc822cf7db9e522fa8920ecb113f7556e5eb1b54aa13f623,1,1
b5ca7f0f81bd30a07ae92dec7754cc0fdd2b45dbe275888426f92759411aace6,112cd1f76ac7232adc822cf7db9e522fa8920ecb113f7556e5eb1b54aa13f623,2,2
4c724980b8e69382264120809ec73d396f6a7d97cbb1960104978b384c276520,640a8d3a4a56fa079a410b8965402105fd4f8627e402b9fd36d2b776746d3069,0,0
4a3bac7e3cb34fea4dffe58ca82bb287fb39d3c0ebbcf357158893fc20cdab2c,640a8d3a4a56fa079a410b8965402105fd4f8627e402b9fd36d2b776746d3069,1,0
9cbeaed6e01ad37d5a817c810d949954e187ecd176d2fe1b118799a665da912a,640a8d3a4a56fa079a410b8965402105fd4f8627e402b9fd36d2b776746d3069,2,2
67ee243b2b42003048970746ca3f16abfce526c3cc43b1d37c5ecc27b553c08d,7781ebf304c044976ff32506c45fc5d77663a333e92e1652d9f64fe6f2b50196,0,2
72648c30cad429612b5b06553836dda035dfd448e9747c69d0fe7b060574d1ab,7781ebf304c044976ff32506c45fc5d77663a333e92e1652d9f64fe6f2b50196,1,2
1ae168f50a533cda3ab6ff81e03cde02cbb503159352b14e79549277eee8e6c8,7781ebf304c044976ff32506c45fc5d77663a333e92e1652d9f64fe6f2b50196,2,0
c18c3d994317f59b4c0fc5344831846cb13b29dff9c79e317ff8ddaf9408c726,719c0b124ad194a5fc584ab0821a69d3c59ffbc02e5c28bbbbbdacf3be66e54f,0,2
a6b8fccff5ac88b70eee27180c847a225683b3a7b135724ed38bbc569ff7fd3b,719c0b124ad194a5fc584ab0821a69d3c59ffbc02e5c28bbbbbdacf3be66e54f,1,1
daf63d6595f9866344dc8c9ca9a6178c603e22142fe7fe15c5941daa7dc8d854,719c0b124ad194a5fc584ab0821a69d3c59ffbc02e5c28bbbbbdacf3be66e54f,2,2
e4a37c05fef9ef5b5cebbfd23b457c132081854d3157acf823e695ec95e82031,4470bde901dc00707ac229055fedf332109bca0513f684b831d64f5bf0a29db6,0,2
bc4d0a7ed85fa4ab23d46ae9556e89d7d12a750b1d389743daf010ed370fd77c,4470bde901dc00707ac229055fedf332109bca0513f684b831d64f5bf0a29db6,1,2
ecc5c6a3aee50ac74d1484e0abda08f9f3ce8f6b171993be8de95b3bf8ec0382,4470bde901dc00707ac229055fedf332109bca0513f684b831d64f5bf0a29db6,2,0
1bbaa3c315a6affc9e7617369ebf9ca117ebbef0f533f7fd9f7c82497ec9a50f,3879e4c4089e0553f3cddd86d084517d3942144fc473a41efd53b62ffb297bb8,0,2
6f23a80285d21fb3e364965779b2f97ac00757ad243cae24ce7538133fb7c931,3879e4c4089e0553f3cddd86d084517d3942144fc473a41efd53b62ffb297bb8,1,0
f978172ef8d4119c0d490726f14e55e7aa8a84406002b2770552ce38df708d18,3879e4c4089e0553f3cddd86d084517d3942144fc473a41efd53b62ffb297bb8,2,0
c5c02bb2a1ab740649288fa1a6e3efc7773c55eb270e721a1fb6a79c321c4aca,653446e9c617139b45f05edff79cc5026e34c17428efac258f0d84d71517d5cd,0,0
cb2d39cda0cc59d15a88af6bb887ddc99e3a88234e51005674456211d2be3c2a,653446e9c617139b45f05edff79cc5026e34c17428efac258f0d84d71517d5cd,1,0
839a735ccb0c2589e4184ef4d76cc056d0a206405c2436f89ab07bd120337344,653446e9c617139b45f05edff79cc5026e34c17428efac258f0d84d71517d5cd,2,2
cb71cb4277e3c956aa52a35a39682dd86a5c72325ceec156078e1ec18d47b580,fe8d8b75207e32ee2531eedcf354526ee327b458f8ee6bca49cc1d503b9f5578,0,2
7331bdc1122de8436d3e168c134bbe164332e1feb5b6d4f290b53f8dd3dbedc9,fe8d8b75207e32ee2531eedcf354526ee327b458f8ee6bca49cc1d503b9f5578,1,1
5ad2068fbe618cd945af587af61834164bf8e9260baac908998914ec5f8513b5,fe8d8b75207e32ee2531eedcf354526ee327b458f8ee6bca49cc1d503b9f5578,2,0
a77aab1fb59998e1bd41dc135a9192a4fda4005e16316b686173ef85b4751014,4fd1afe711b22e1138d4bc4fe9b36c1bff65d0c63108dd8d50fcd23994e282a5,0,0
e51fb9d31b1093b9cecf0b23f403ee4474a0baf2879696d996254c859f7ff2e3,4fd1afe711b22e1138d4bc4fe9b36c1bff65d0c63108dd8d50fcd23994e282a5,1,1
2f78c0c91a10e41e915a9acb3898419864ed3e1577bb602be3e112b7573d43f1,4fd1afe711b22e1138d4bc4fe9b36c1bff65d0c63108dd8d50fcd23994e282a5,2,0
c75f5f59b7636243a3afc87f0afe97fa0b6465c4dfe5d50f42dc5aa03e9b4ac3,39dcb4b86c19445a2770275af195cc3cb6537bfb4792320bf893b0fcf559c6c8,0,0
f8edbfe81211e7797b6159cff446cfefc162cd58c43a43438eadaaa1b82e4c9f,39dcb4b86c19445a2770275af195cc3cb6537bfb4792320bf893b0fcf559c6c8,1,1
70accce8a5e3ccbb63ffe9f30710dcd60f764651f3e5d8c1419259a752fbfe6c,39dcb4b86c19445a2770275af195cc3cb6537bfb4792320bf893b0fcf559c6c8,2,0
7a246775586a2d9ae132f8f0bf769f9f2129388db642e117db84037117ff8f3b,1469d0d03021c314e1434046898c75ca7d3e6e2ee24eb5c07629b44bbe2f6d28,0,0
253e1f2f29fee8ae3feff4cd51edb823dd9f1395a5314934d4fe80acbeeaa6b8,1469d0d03021c314e1434046898c75ca7d3e6e2ee24eb5c07629b44bbe2f6d28,1,1
b5c9f898e7357cee33c2a019d83f83fe71fb23064a46c1a36fdd1e906c182f1a,1469d0d03021c314e1434046898c75ca7d3e6e2ee24eb5c07629b44bbe2f6d28,2,0
1f5061d39b4e1620ac09e52393f90c9be3fbe20664c97796638044b8ed5d9775,cebbcaa58ebcbf18ec501449d8a2e54b29a6afb666fae9b6ec81be5666f47f2e,0,0
87ad0c1cebf999351dc50a36bab4914dfd01f825801d27556fabb1e710011926,cebbcaa58ebcbf18ec501449d8a2e54b29a6afb666fae9b6ec81be5666f47f2e,1,1
3ca9c98110285a58338b1085481bb40f28f9ff7c2ccc7bb0ba9af2fdcf98d8cd,cebbcaa58ebcbf18ec501449d8a2e54b29a6afb666fae9b6ec81be5666f47f2e,2,0
d5903cc1e0db71ed10d78983fc77a93b0de5c88a28c81589c558e6bb1572af66,ef66482950d7471465e26421a6c941a0f645de38f61d8338a94f1b8e16dffe04,0,0
7805c9453bcec850c3794cdecba375b6cefaec977603009b9177bcf34dddaf09,ef66482950d7471465e26421a6c941a0f645de38f61d8338a94f1b8e16dffe04,1,1
5a0b36173f409d92e13abd85478289e94fe716e30b4e3dc529624c87384e29cb,ef66482950d7471465e26421a6c941a0f645de38f61d8338a94f1b8e16dffe04,2,2
a047f4650a420993d34145c1a3027d6407c70b65d9fb69beffadc37abec8c780,0d693954808691a4b50df186a16e88de3794474272c862b413ddbfadf588941d,0,0
e63992843e1a97641250f8a2f20821b766e770fab9d5fdcacec73727557da454,0d693954808691a4b50df186a16e88de3794474272c862b413ddbfadf588941d,1,1
4657a3eee28e922923160d89b50dc4689925887bc2e72907780c276776affa25,0d693954808691a4b50df186a16e88de3794474272c862b413ddbfadf588941d,2,2
c09fa219ca37a7459dd1e173c7a81acfb7b49472434d293e99d02bb9af4f0695,f9340c8837d1b3b227ab65ddb02aff5ff8f8cdb4c43a3e166a233e12b632215f,0,0
5757ae86fe04d24760cc67bd2ab243c648347360ab0386894565cfc635b352b5,f9340c8837d1b3b227ab65ddb02aff5ff8f8cdb4c43a3e166a233e12b632215f,1,0
c9c39b75a283da28c7e193613768385e05a97a810910564d8eff95fcab5a6f9c,f9340c8837d1b3b227ab65ddb02aff5ff8f8cdb4c43a3e166a233e12b632215f,2,2
3b8a31c1f897ea3bd06f16a2311c88b933288740984ce1ae7d0a0b2af5a590aa,45e337dc3988c385b584a4dac5590ce7199ad0455b93e14c838892a3f38abecf,0,0
b0366a4de786445ce27696cfc73ad0fdb576e1760421a4a884df848a83094656,45e337dc3988c385b584a4dac5590ce7199ad0455b93e14c838892a3f38abecf,1,1
6886b4715ccfd03ba4d8c61c419fc66c82c095c71d3b73a1d4f9ebc182c09973,45e337dc3988c385b584a4dac5590ce7199ad0455b93e14c838892a3f38abecf,2,2
b30412176c24eea961b6e55c2af84eaa3652de6b12f4090528bba6845dfabf7d,60077ba5b0a897ead5400037a3c9933321e5ae3c69b3f7508c7bc5d6ee424d75,0,0
377e023c7c2f6b5e8976dca039fa3ebdaaea2d95adfceb7e98a22bcfbfde033c,60077ba5b0a897ead5400037a3c9933321e5ae3c69b3f7508c7bc5d6ee424d75,1,1
a9c1bb3c831360e423ac3b1c1d843cc58107c9e55144dd8a03d84720076cd11f,60077ba5b0a897ead5400037a3c9933321e5ae3c69b3f7508c7bc5d6ee424d75,2,0
eceb81fd31a9871301e17b52f0484ae8c4830fa0053dfde14597004ec96c7591,c0ebaca7eb651fd0c65060066a5bde1eda70d80a1c71a721cd14d8c603b260af,0,0
f611e9172aae9b67c0639908ae6f31f056e61d31d88c805449bb911b788a6282,c0ebaca7eb651fd0c65060066a5bde1eda70d80a1c71a721cd14d8c603b260af,1,1
de2c0fc712a07a467e11bd55106cc1ffcc0c8dd7df6073453e79ad53078c2054,c0ebaca7eb651fd0c65060066a5bde1eda70d80a1c71a721cd14d8c603b260af,2,2
b583b5a3eb7fd345e2b431ebea214cf02b4423a6ffd7715e6edaba90b8c81b36,49514bc49debcd9cb912fc96f6a634bbee01de1112d0676f873c3ea404b600c2,0,0
277d3a73dcb537825c187d5c9b2c1ad42b1138203659b9488607b287604af5cb,49514bc49debcd9cb912fc96f6a634bbee01de1112d0676f873c3ea404b600c2,1,1
02085fc47059cfa8e5f355d74959f8ca81fd76a5a8c02d4685b53db186499bfa,49514bc49debcd9cb912fc96f6a634bbee01de1112d0676f873c3ea404b600c2,2,2
a9cd5b49fbb290911cdf0ab4724a6057cd7a6814199b437e0775d735ee36dc99,313da7279215bda5122fd48344662a19acd89b9af57b9f9172e0e3b72fcf981f,0,0
787c4dabd4280b01be444ba3786bee494198a496443981efe84743cedc67e84f,313da7279215bda5122fd48344662a19acd89b9af57b9f9172e0e3b72fcf981f,1,1
011956a2e68cb1440c4979bba55797022628688f1963f38d904831661baf6f67,313da7279215bda5122fd48344662a19acd89b9af57b9f9172e0e3b72fcf981f,2,2
98d4c66871ac8a3f2f3ce00df0d74ec0891f9635562ac00a449fda9dfba5df87,e84455759f20be3334a2b23fdcdf60f7bb456fc1f0a8d115c907465ab154a0f1,0,2
01af14c254ea3f66713c3710e5ba791d47a7cb34e618e59258f66b056287722e,e84455759f20be3334a2b23fdcdf60f7bb456fc1f0a8d115c907465ab154a0f1,1,1
e03dbf9a95e2380a694c9819d4ba82c2657d90facdae767316da545c4299fc05,e84455759f20be3334a2b23fdcdf60f7bb456fc1f0a8d115c907465ab154a0f1,2,2
72bdf710cec3f7fa8ed820f7fa96ad387b7dfd7028d4d1af85e6486896220d68,8edbdf920639bda3003665a034ff3c993896142e3d2921a45ae9a5ecd5a31f82,0,0
030b10ed67f46bf56490789ba96ad4418050622f35d9a9c426ba936a97286c65,8edbdf920639bda3003665a034ff3c993896142e3d2921a45ae9a5ecd5a31f82,1,1
4f2fa4f434013bdb6999ec3c97841a40cc705b4cbda943091a6445792322ab82,8edbdf920639bda3003665a034ff3c993896142e3d2921a45ae9a5ecd5a31f82,2,2
8c1b98deb255390b599700781e2834cd0fd1b6cf9260f65ca899fcb0c57a8a60,02e72f9e0ed8edc50bb2ed477ed077110faa98a13ff6d23ba88c2e93d6a9a61c,0,0
e5bd10d31b57b49178e8675c478d781817477695b6cb51c441c7934012eb9e25,02e72f9e0ed8edc50bb2ed477ed077110faa98a13ff6d23ba88c2e93d6a9a61c,1,1
779edca2266ede4d183ca9ea52565263db8120644a5eb1ffc8aeaf5d64d66acc,02e72f9e0ed8edc50bb2ed477ed077110faa98a13ff6d23ba88c2e93d6a9a61c,2,2
d85e65567f82401e05a167adff8fa6993d13653fddb2878b6225e7376e27c138,890aa74132b40a0d7e4e5342516b744881e8157894a3e7b60d86fb44d431fd6c,0,0
020f640927e9022c5669e6bce75a87ea55a915067dccd33893624ce1194bbd3f,890aa74132b40a0d7e4e5342516b744881e8157894a3e7b60d86fb44d431fd6c,1,1
15c60292a352094d856d42124e561bac88d560b802619d2e83e58b8b31abf350,890aa74132b40a0d7e4e5342516b744881e8157894a3e7b60d86fb44d431fd6c,2,2
821321e9e027195279f2ad33a642bd9e0125ec396ff0c6b06a121384e0695403,1ff56f7724cb29743e4c3b6175cda2d0f483450c882e278694bab6dcf659229a,0,2
f2967efb2b7e11344bdf1af62eb1570490b0629b86cd7d163ba11712146ad763,1ff56f7724cb29743e4c3b6175cda2d0f483450c882e278694bab6dcf659229a,1,1
1d242b65d923e12b7a59528f127f03fae76e9a9f2ade74191c7c04bc55b75148,1ff56f7724cb29743e4c3b6175cda2d0f483450c882e278694bab6dcf659229a,2,2
6198752584a5e9024ad56f0e544869936d2092a71c5de629db9fdecf63da921a,8b4dd5ba3b5e8c6b6f05408bb6da399c081eb8d1554372d8eec2754b3ff82f14,0,0
4a2a3fb4a78a97b6d62d7a86a01b4f6d09be2f36f12465db0d78c2fa417d3929,8b4dd5ba3b5e8c6b6f05408bb6da399c081eb8d1554372d8eec2754b3ff82f14,1,2
8546750bde71b8b20be67dc7ecc79b92187fef1dfb2d460dfd5bfa8b22823e75,8b4dd5ba3b5e8c6b6f05408bb6da399c081eb8d1554372d8eec2754b3ff82f14,2,0
722fdef6ae5672904fcf779a49790ff42728eae3995d6e3412231d49014e1cf1,b61eed761e3d4459b2b747afe38a0e387730fc6a63a1d8f440587884fb42d212,0,2
23dd8dc10cabc02752ef00017068a127facb3a8d1b8b07d5705a087664ea557e,b61eed761e3d4459b2b747afe38a0e387730fc6a63a1d8f440587884fb42d212,1,1
ddc2220382fcd7e55800d77f60e17c6badb0172b5e1795111a4812569fefcf24,b61eed761e3d4459b2b747afe38a0e387730fc6a63a1d8f440587884fb42d212,2,2
b002a463ce165d6b5e0ddde3c32117986a77fd8514d26aa142c0b80ff75210f2,c8caf6aef483709ea564dfc4b9473c40b82b5c16d81eca506715ddfc0c846fa8,0,1
5b7e4218a643d3a22b77fe3b251199d16e291b495630f55189ff2763fdec10a3,c8caf6aef483709ea564dfc4b9473c40b82b5c16d81eca506715ddfc0c846fa8,1,1
679038936859ef9451ab90464739e389f677e21bb4cb283189bbed92a35741c8,c8caf6aef483709ea564dfc4b9473c40b82b5c16d81eca506715ddfc0c846fa8,2,2
e63198e94cdb38c5f4d6e8a602872e579e8d17f9ffa1ddc58b34f53e845cd568,ab33149559e5431306acb019c8b55b0598e104ff1b30338d8d6c639ebfcc9534,0,2
25311ad5151d752ca44ed19eff9f8ef5cf558fe5e0f5b24301eb32dc50362828,ab33149559e5431306acb019c8b55b0598e104ff1b30338d8d6c639ebfcc9534,1,1
ad613aece5cf5c7a64e269e375f6853fa59b5a0c57ceb6d181461c31936d2543,ab33149559e5431306acb019c8b55b0598e104ff1b30338d8d6c639ebfcc9534,2,0
c8a17afc4818afbd9ab02d0397f7d472b0d681f802ece55b94c8bee862f0f34d,300612a5152f422dedc1541a5346731b21706c125dbdb6dd7adecd4421cda41f,0,2
a921e7de1c4f69e8e2be9d5e603b1cb391ff5851ffd52280f7000168c7f5d679,300612a5152f422dedc1541a5346731b21706c125dbdb6dd7adecd4421cda41f,1,2
fd4a90d894e1a685e6ce1ca0ecf95fd04f83774874e6962ddca139912137f9c0,300612a5152f422dedc1541a5346731b21706c125dbdb6dd7adecd4421cda41f,2,2
e05c988de4a6bebf015905f392fdf2eecc179180f5dbe5f18dd7a2c6669db539,db197fff8629c815396377b3bf4deba63f9517993deb18d706d0a9d74433e9ec,0,2
a44dc837619ad0b05fd1f22ddccbb9da824bf353aba60ba1b61540b91396cb9c,db197fff8629c815396377b3bf4deba63f9517993deb18d706d0a9d74433e9ec,1,1
61646a809c09f40b9742a819e72ab9544e10e02a6e3060502463a2c7c2c7555f,db197fff8629c815396377b3bf4deba63f9517993deb18d706d0a9d74433e9ec,2,0
00b8f57485084ef84c3af1f4b87f2d3a5bb7adcbcca384e922ff054968b5dee0,11824a41e13ba79475d7a6be90f0d1ed54976673fa90c20e79a1040c74ad4606,0,0
19a34166bdc914e752579a8b9f9b11f85aede57887106c7f9e573c2fb9a26069,11824a41e13ba79475d7a6be90f0d1ed54976673fa90c20e79a1040c74ad4606,1,1
55a16e379989c3574fe8ffb6148f8a2a6f92046f89d78e83be1cc4cbe13edd8f,11824a41e13ba79475d7a6be90f0d1ed54976673fa90c20e79a1040c74ad4606,2,2
cd80dc6b76ad86689505230d1915fd9d31a4141af121a403cd59abf3e8b09c52,476a6d81ae15efbad4d72e5ebd1689659ee0fb539ea81cc20f26bbde1b197a77,0,2
6b1dd8f0e1b0f08446a2595dcf54c73ded0589bb31d84b0237f348a5ca7b8333,476a6d81ae15efbad4d72e5ebd1689659ee0fb539ea81cc20f26bbde1b197a77,1,1
ad1e195cb6894f0d7706c2a5a0bb3826aff71148a98f5150ba184ebf8cacdaf9,476a6d81ae15efbad4d72e5ebd1689659ee0fb539ea81cc20f26bbde1b197a77,2,2
c5d71dc1cf620e60d869756eb89ac946ddba407180cba3aedc8f84fe4e18a9c6,de7b5fd0bd8c718cb55b959f9084e1c04f5deca4931fc12f394036c439693e3b,0,0
ac7443c5faf7acd58b854a89cf7b1f5a44f5dcd12cb2154411260336826b7e87,de7b5fd0bd8c718cb55b959f9084e1c04f5deca4931fc12f394036c439693e3b,1,0
f69cb39160b8bca5e16139954c8c00bc46451135af2c53d0be6b18444dc7fef8,de7b5fd0bd8c718cb55b959f9084e1c04f5deca4931fc12f394036c439693e3b,2,2
ed0a8df8b318d8b72f22e0d224bd256bbaf7bea9e366ffba666bb73a2b260079,4a0205e47788567b95b66537b2c6849ff3ea67d27353dab3bed5af2de64365c4,0,0
5528de6977a4b9398dd0f265c062f6d26e2a23e94bc5d2262321bacf91bc69a8,4a0205e47788567b95b66537b2c6849ff3ea67d27353dab3bed5af2de64365c4,1,1
9cd5b6da9cc31d6f9aca6ecb23b442f141524313f4d8112825fa8fe3de8b7a2a,4a0205e47788567b95b66537b2c6849ff3ea67d27353dab3bed5af2de64365c4,2,0
4758d392813f403bae4efd70e3cdc25b903d0a38f735b568faf3d12dadfa2eda,dfbb14dbbcc907f12c64991c06ac2e75fcdc1cbccb179592b334571dc9f2a82e,0,0
aae816f1431707ce6a9a1594392af2d4344dbbaa22fc74254c0437292f5fa69e,dfbb14dbbcc907f12c64991c06ac2e75fcdc1cbccb179592b334571dc9f2a82e,1,2
1e77d9e087bb39319310f7e026f744ac932453b6a99730c7aaff98b5b26bce32,dfbb14dbbcc907f12c64991c06ac2e75fcdc1cbccb179592b334571dc9f2a82e,2,2
108d54237e248129a23bba60f579025fda587c83fb3e0acf7a1d756c0b109ece,d1cc0477d4a985b05bc4d8b2b739c37f7f66a22534b88efb5b2dd4db4e704fe4,0,0
fa45aac527d4f842ba47a70567521e5d5fc9409a88fb55f6ce0bec98e097a1fe,d1cc0477d4a985b05bc4d8b2b739c37f7f66a22534b88efb5b2dd4db4e704fe4,1,1
56469f550bf6a4aef389d83ddac214aca86b31afd7e824b1a925e01c11794498,d1cc0477d4a985b05bc4d8b2b739c37f7f66a22534b88efb5b2dd4db4e704fe4,2,2
03652333bba9a5283c6fd8b5457fd6acbb228d49608c1a2714512d6261194e99,857e44afc2757eb2a2f081280d6b86d0a5d3e71e1530afd81ef98f7c1c984af0,0,0
d185e2e3df948234162fce79edba4413c255f478588c10ba5017be9b4a5f6a32,857e44afc2757eb2a2f081280d6b86d0a5d3e71e1530afd81ef98f7c1c984af0,1,0
0c86a4d62982ec400f6abfe5ed02e0083848b33dad114be910ec34bcab5c34a8,857e44afc2757eb2a2f081280d6b86d0a5d3e71e1530afd81ef98f7c1c984af0,2,2
31b2b7c3d0119fd04cbe9a5b69aad6ae3b1b720f698c3c1299b86761b9956ba6,5d64b550f342c1309733dd5fc055426cb458d094b56be187caa4ae55c72f0091,0,0
30274e1692cb8923db893a382eff8a1b4fcda1e920505ee9bbc273bbd9107053,5d64b550f342c1309733dd5fc055426cb458d094b56be187caa4ae55c72f0091,1,1
aff1c1220da9842b224927e815bace9c278cca96afc91a649c4489ca3f77d595,5d64b550f342c1309733dd5fc055426cb458d094b56be187caa4ae55c72f0091,2,2
4163b39f308408725320245027fdff91fd79dbdb233baf220dd4b3a5a04c7743,03b000b472f14107559eb6ab8332708ec163a86ba2c9818b2830a50bbfb12c4f,0,2
e2be634650a594b78f1e99afa45146ca98cd5812ed7b19f4093d501d5f4a587b,03b000b472f14107559eb6ab8332708ec163a86ba2c9818b2830a50bbfb12c4f,1,1
ce77dea332940c976d27322c897f7410c10d9870b21df9be6f99faa76311bdb5,03b000b472f14107559eb6ab8332708ec163a86ba2c9818b2830a50bbfb12c4f,2,2
a7d2bbcb2118efa51a12fe5f1abb589478fa89842d13a7b68020f43db3e85827,15cee63da546544f8420d7ba35d331842ae5bcdc1f136c26235e65875966cf97,0,0
b9a31a0e7bb4a115a5e146c1b49d9a503dc29647877f5412bc3260d42163afbb,15cee63da546544f8420d7ba35d331842ae5bcdc1f136c26235e65875966cf97,1,1
cfbdbbb1956961b271c0967f1330607704cad4b65c86557de068e83e90cc61ad,15cee63da546544f8420d7ba35d331842ae5bcdc1f136c26235e65875966cf97,2,2
f1372f16d67929519eecd0ec46a52c5b45551aa238457dc4348c392a2dd88cfe,30ac868dc1bd3e0a0f556372bca70cd370c40db8ebc4b62ff0377793f341023a,0,2
d51b65d96b7f12c5008e17eec96870cb7db102276621e1cc4b3f278770960228,30ac868dc1bd3e0a0f556372bca70cd370c40db8ebc4b62ff0377793f341023a,1,1
fc46f7f1bacb73d143dd8ec1fd04de9971856cc138f229dc62335d0183cd5656,30ac868dc1bd3e0a0f556372bca70cd370c40db8ebc4b62ff0377793f341023a,2,2
24eb4e2af36c7108d88fef78c89fc3d7ff7f18dabcc95ae054082aeb4479158c,60b0894dd3eda302a16d75e5fd8ad4cef6db5c85bdc08f7dba7fc4ed73e61736,0,0
e5bc2cf4511bf7a793f33a2588e6df0d450a4e04d8b1d92908f8666ff8dbc6b2,60b0894dd3eda302a16d75e5fd8ad4cef6db5c85bdc08f7dba7fc4ed73e61736,1,1
059515d5aa3de5ba4fda2b0a26efc8326516b08bccf03202d51a5ec703be177a,60b0894dd3eda302a16d75e5fd8ad4cef6db5c85bdc08f7dba7fc4ed73e61736,2,2
901cfbdbfe6a493de822be6846e7ae6ddc3dc9b69551caecae8309db000b2f1a,432e8e179c8bdc0be78b7ecac05411c4dcceef05e4e7440b807c2733961b5768,0,0
a5817d517789ff90c73d47a3b43d5130f20df7ec4211666b3446f87afdd1733e,432e8e179c8bdc0be78b7ecac05411c4dcceef05e4e7440b807c2733961b5768,1,1
d37f2c2a11d55d71e2c098cc9e77ed96f20e5ab6b863c75c4c53ca77d1c2e980,432e8e179c8bdc0be78b7ecac05411c4dcceef05e4e7440b807c2733961b5768,2,2
15a51c47771d7eaedbc61b5031e0f8b5e6edf600b0e49ef32c686b709419f83a,e4baa2e4c2172f2164fbcd0009bbb2112e9f95d54fc886db27abfc4bdd4857d7,0,0
38166e527dc2541a2c2080e7d83ea88eb5d31ab6e9bbf9a4582f4d8baf16d8d6,e4baa2e4c2172f2164fbcd0009bbb2112e9f95d54fc886db27abfc4bdd4857d7,1,1
db6c95fa9c3bb5a9992e670492f0168f9391f3fbb03491e4370f179783becbe9,e4baa2e4c2172f2164fbcd0009bbb2112e9f95d54fc886db27abfc4bdd4857d7,2,0
38ca5ebe2e8f5d4d9b014cc4f68fbb5594a27046133e9901010e9444e2a756cf,02dc095835432f73653eb759184300a5eb42325761d7bbbd775abedd6d5b3aa9,0,0
e0d9fc336085db2adbfbbdb5895e5c89733b8c8d4a519f1b6671f27a288601f7,02dc095835432f73653eb759184300a5eb42325761d7bbbd775abedd6d5b3aa9,1,1
f4938ce14fc4cfebd88ea850711e760164888f2df67a61e010310be86b451f15,02dc095835432f73653eb759184300a5eb42325761d7bbbd775abedd6d5b3aa9,2,2
1d19fcf04d9da50e157a32382f26cc8afa1aae78b678cabb4cdce470d9c75bf6,b29884627ba272e3004010802c0b6f430a208ba57249ba07740ca9ad0213d516,0,0
8c2355996c7fd51b456e8889bff03c9dcc8bc7848424ead5c12eea1c5acb16c5,b29884627ba272e3004010802c0b6f430a208ba57249ba07740ca9ad0213d516,1,1
9eeb62b18a71030b926680d77b8e17c83aa902f6138899c196fb428200226624,b29884627ba272e3004010802c0b6f430a208ba57249ba07740ca9ad0213d516,2,2
69da6e6feabdb0adb01e1e3b1474884369ea27a0132472406472830631b0df77,10607a39dda31ddced076e0be59dc753edba8cfe183991a195a6037c3e75e7f5,0,2
b3e657ab2f2e0f3ec310577f0808e4734ca5e6001e6c93ec7aa8cfbc059f1fe3,10607a39dda31ddced076e0be59dc753edba8cfe183991a195a6037c3e75e7f5,1,1
ca545f70b76e03f268b7889e2cf9c5fe2878d6760c5be89bee9175f0c5d0f421,10607a39dda31ddced076e0be59dc753edba8cfe183991a195a6037c3e75e7f5,2,2
1638639039ae4b93879974f35de1199d9c8c5470c9ccbaf0b6dc709dcc3deeb4,b34a292fc0256662207a3a90cdba3799446d6f012e330f5ce8f5731b3207afec,0,0
3ea8cf0d7656d6e46f3f5f0a469a81d1a19320f706e0b9fa6e25a0eee39be6fb,b34a292fc0256662207a3a90cdba3799446d6f012e330f5ce8f5731b3207afec,1,1
ebdf781ec46328c66dcae06954c12fd99aef4afeb094dfef366c4ab666cc99af,b34a292fc0256662207a3a90cdba3799446d6f012e330f5ce8f5731b3207afec,2,2
cf4578eabc3453598502834790ea0a00170f4df313f09befee80dd53a38a3ef7,abe07fe1f0e0d5c14c622ec095167811769eab6cf6e9b4d0ae171d5b45aa63ca,0,1
f48978a1dd18fd934baac560c2ef140ef20083bc6f537281f4ef0f1340450af8,abe07fe1f0e0d5c14c622ec095167811769eab6cf6e9b4d0ae171d5b45aa63ca,1,1
98ae46e81309f12d38be77c8db83694c3f707775dc7f645a06f8766626be554a,abe07fe1f0e0d5c14c622ec095167811769eab6cf6e9b4d0ae171d5b45aa63ca,2,0
f7bd36ca1758b3fc28390ba8db4695200ed3849b0ef6ef91f340d4613146e8d8,bb33554f7f743a0cd888cbccff6f3fffc72d933067e810fc13c9200f2b3e479f,0,0
bde15c83caff2369abde93eee3c2aaabdb6ee41219be3223fd1d99a2e22e7ca9,bb33554f7f743a0cd888cbccff6f3fffc72d933067e810fc13c9200f2b3e479f,1,2
0ea5edaa90cce0325b1fa27997348abbe114b622d44a65cbb1ef263ad3ace0e0,bb33554f7f743a0cd888cbccff6f3fffc72d933067e810fc13c9200f2b3e479f,2,2
abe9dd32c6811c20a3982d2ac6cb6ad261bba4509197b1fa4706e4b0b3677a32,93e837a1630c0e2d0f8ba4f1d7dc5d0f24bc3cb2b8b14dd1233e239bb86dbeba,0,0
c15a0764314d7af2a995272724882f8963e72521ece398351fe84da354cc8989,93e837a1630c0e2d0f8ba4f1d7dc5d0f24bc3cb2b8b14dd1233e239bb86dbeba,1,1
dddc85b71a3d85335c107a1d9bfb7ea72a1fec0568f65c5cf9a5de343b9f9fed,93e837a1630c0e2d0f8ba4f1d7dc5d0f24bc3cb2b8b14dd1233e239bb86dbeba,2,0
2b3be45085b2623372fd49e282cf39c49243e4470e16399d69787b99a2c29074,818f0ec10c937850a5f18589c31eff9249f5f0224d07c1d7f3adc42b42a4a215,0,2
9846d63b30ee4abf3df8ff8285645620315a06ad19e0450c2f6fa55bcb4f11a3,818f0ec10c937850a5f18589c31eff9249f5f0224d07c1d7f3adc42b42a4a215,1,1
ff0d5be428d240f056a804007090ffe98f2845f2188fe675c022bdc41652d409,818f0ec10c937850a5f18589c31eff9249f5f0224d07c1d7f3adc42b42a4a215,2,2
ff1003edf5e59054004120f124dd6c92c85e5fb13dd203d5ca29c4a7c2e1131d,cc25da94728982c1ffdea169268bf11feb1121dab5257ba82697802d25066ee4,0,0
f949e0343947608f234a1f507acc3642b36dcd94db48588ed95a1f81e305a9f9,cc25da94728982c1ffdea169268bf11feb1121dab5257ba82697802d25066ee4,1,1
7762cfc20c2b80a9beb654c3ec32eb3abf8c88655e9a62f833497454417fb0b2,cc25da94728982c1ffdea169268bf11feb1121dab5257ba82697802d25066ee4,2,2
1b80978743cfa51d1a65fbb40e51fadaf36d19d976c3104cb0c57f22a3c2b1ec,b84a7b203abb2909be71c3a4b1f674072d2752b8dbbfe8248672b70732332222,0,0
0f186199ab8477d581a3ab1a4a8d6348fae805c77886489e8ee8afd97da843c7,b84a7b203abb2909be71c3a4b1f674072d2752b8dbbfe8248672b70732332222,1,1
30029c0ecca43c03f7c04b847e364d71c4edf425498f677b1a64731769540a88,b84a7b203abb2909be71c3a4b1f674072d2752b8dbbfe8248672b70732332222,2,2
c7ebecab03ffa436ab8f00ddc40bb1f95907f5380201d0d1e7e2ad7a9679132a,518ab2d64ff664e1d845fc36689bbf3ecd018d19fb9828901ac7293c2e010e17,0,0
f4df9fae2f6d0bc1bc2bdd456731695c3a052a8076243004671ce567c0a51d3e,518ab2d64ff664e1d845fc36689bbf3ecd018d19fb9828901ac7293c2e010e17,1,1
b77c2b3e14c38a985d130c8771c9b5b5f6f1f2d66b08cb113751cc9bae7a30a4,518ab2d64ff664e1d845fc36689bbf3ecd018d19fb9828901ac7293c2e010e17,2,0
623d9c8f24b0cc16a2a04f9903e59747768e500b322133b2d8464941f59bd353,2c5a63db17a4f144de1b87df9ddb4256195d7310eaddebc8253a02e52dab6308,0,0
4722f93de3910ce45ec785cc3b0dd244da07444bf1f789c0f3557802810551f2,2c5a63db17a4f144de1b87df9ddb4256195d7310eaddebc8253a02e52dab6308,1,1
d8699ebe154c27de59214e05fe455c1fc73716d6588f9cb51f8fbcc49c29a216,2c5a63db17a4f144de1b87df9ddb4256195d7310eaddebc8253a02e52dab6308,2,2
1d4a382951232c4c07ba76489820dde4a6777d63300a14ab467f738883ff9300,8ea4bccc8fc1484e474f30d3bdd9feb5c5cfc504b18939c1cf3e8271886fad6a,0,0
fc87af3e6183e3c739ae69f457b9fcb2d15ef1188a913cd6b1ebb71cb725af28,8ea4bccc8fc1484e474f30d3bdd9feb5c5cfc504b18939c1cf3e8271886fad6a,1,1
36ebed938f0523c51080bd0e858f1c2724d6adbd90b9c10fb38b6cf5b2881aa9,8ea4bccc8fc1484e474f30d3bdd9feb5c5cfc504b18939c1cf3e8271886fad6a,2,2
63fabab11924fadec2a47912930d0a4b5dd45f623e355097637064916307910b,206a5ace1c6de822e13feaa802d1fb4a6ac6eba0a6945b048df71af8536d81d2,0,0
832d3a8bcd4abc0982bfce063fb81c6536f5e7d1eaa651b659d084d36555608c,206a5ace1c6de822e13feaa802d1fb4a6ac6eba0a6945b048df71af8536d81d2,1,1
0d78c8edfd56c63482f6d20c6293fb4145c73417b6f5b569223afa6f83769996,206a5ace1c6de822e13feaa802d1fb4a6ac6eba0a6945b048df71af8536d81d2,2,1
ce22bcfe8c4b046e59b11b554850590d7a9d776066b19b40b1cef0c5cffbd601,177bf1d9d07242659f05c568ddaba13d2747d4eafab6113da3974026cb02d9b3,0,1
c12a83167cb4be2ce5d6adae61666b2613fb9aa208185e2de733c44e77f1a857,177bf1d9d07242659f05c568ddaba13d2747d4eafab6113da3974026cb02d9b3,1,1
48d59d6693500af62a466aa808fef7ec8ab8e8616a2a8ab39db1dcdd7ee6b7a2,177bf1d9d07242659f05c568ddaba13d2747d4eafab6113da3974026cb02d9b3,2,0
ae1a83740d7603192a990c9b8168430fc8492631f96237717d0e134b3accd832,ac32de72dad06b16720776fa5c87a2449823d4f0eadf388e27eadfa7d13ba755,0,0
868d33f3202f8d09c2efdedebc1c2521790b873af796b1e25d21f3c7e39d77cf,ac32de72dad06b16720776fa5c87a2449823d4f0eadf388e27eadfa7d13ba755,1,0
a1b4d31998af79cfb7e70f157375a639e6e9181c4c65349dd069b3d14fec5a9a,ac32de72dad06b16720776fa5c87a2449823d4f0eadf388e27eadfa7d13ba755,2,2
635f05d2ce7fb7b5aaf6f6dda487eca0099aaa815ef24f2f5f7f23dcee9ff11a,185fd4ef089957f033941f3033f5c870216a582ec2d9e0a3c5c09b833c4b36b2,0,0
45bab692eca80a5d64365a676039ae9ac6e45a164dc4f1c0d94d5b63fcdea014,185fd4ef089957f033941f3033f5c870216a582ec2d9e0a3c5c09b833c4b36b2,1,1
08d29d4563ef0561a5c099d6953c7ba6e8004a7ac2751ea907a1530384a99ad0,185fd4ef089957f033941f3033f5c870216a582ec2d9e0a3c5c09b833c4b36b2,2,1
f6d284e3acaacbe7be8d43c122d3695dffc87c508c92f9e4a8f8dc8c123989b4,d1b304c9898a3b85c1eabf26d51954bedc74b5f0b63bbde82dfc9deb61a6ad9c,0,2
d4b34e50f2c555ccf70220378a836e0f33548084ff472f23147171d097c15218,d1b304c9898a3b85c1eabf26d51954bedc74b5f0b63bbde82dfc9deb61a6ad9c,1,1
24f2d4a8fcb7bd25e68f4f942b2ba37fab2c2eeafaf1963e77388ee030922831,d1b304c9898a3b85c1eabf26d51954bedc74b5f0b63bbde82dfc9deb61a6ad9c,2,0
c7e5d5c91fc13f6afc996405c2ab441673eeb12e79a49f1de896e49dd7e4b9e1,9867a658d846db8415f9aa289f98ac2bb0d26d31a7e4567c75a23ad091bc9058,0,0
24bca67914c82e4b1262ca40369c2b2e8007168abeaf5319773dd05f3d3cbc06,9867a658d846db8415f9aa289f98ac2bb0d26d31a7e4567c75a23ad091bc9058,1,1
e10468bf295929a8ca7940cfcfbf4d79ccfdbaa25bbe3d50c30cbd425e97e982,9867a658d846db8415f9aa289f98ac2bb0d26d31a7e4567c75a23ad091bc9058,2,0
b9cef929503db185456fb01ea5ef066e8b1b6491dfdae555ae5cdbe1d498661e,ec6441be86c02a4e8b5810117fd3d1923258b3114fb659ae7b33b158e19b3e8e,0,0
cfd46bbdec60cc9503ed71ecd22570c53832a0b149ffb58f1b84212b4604c9bb,ec6441be86c02a4e8b5810117fd3d1923258b3114fb659ae7b33b158e19b3e8e,1,1
3de4c68d50f326fe7310f6a94dcf3cb6171a20ef088927073bdb84fa525ddb9d,ec6441be86c02a4e8b5810117fd3d1923258b3114fb659ae7b33b158e19b3e8e,2,2
376a855d38a2480ed84571808c6622114eeabca950fcfd2fc4018caa62b5a3c4,8d22440aeb0359447af1bbee0a58dae5c8295f6c354851df388376952a9d9569,0,0
05c9b31d2a64c9dcee5218593f4159a452380d547cf55c6f3eab602c9892acfd,8d22440aeb0359447af1bbee0a58dae5c8295f6c354851df388376952a9d9569,1,0
b880188f86a65692a0d28fc80951689a09ae848d9364b0e16a3399167785ed70,8d22440aeb0359447af1bbee0a58dae5c8295f6c354851df388376952a9d9569,2,2
fcd98199eca01c6bbbfa261821416220f73e17d71ed3f36b61e41f4e5e3650d9,26a0f8cf7a083add83abcb4a65a1f5551b48b6f09a5feec5b8716686a07312aa,0,0
272fb0bb92a3e83331342e744d42cf7ae0913a99a6c05a10d030075334b935ba,26a0f8cf7a083add83abcb4a65a1f5551b48b6f09a5feec5b8716686a07312aa,1,1
6066e3af9666c82cefdf182fa1e3605eb0920533373c32294c9c425aa7d5ab35,26a0f8cf7a083add83abcb4a65a1f5551b48b6f09a5feec5b8716686a07312aa,2,0
79c16c18eae662214de8948371b8d8efe6957a57572e7b84c8285f30de6ac3a0,c4ebcfd23f8495830086f430f4bec800832a2b9fef73347736e8e5088b4cf5e8,0,0
d88fb3e284027fa08376d2deb96463b7d4d65fc2880ce1713db55a52314588c4,c4ebcfd23f8495830086f430f4bec800832a2b9fef73347736e8e5088b4cf5e8,1,1
ffb418a1fbd180c3c6505deb9dc3d5b6c6dc0cb9d6f8d510c6d432179e54c9fe,c4ebcfd23f8495830086f430f4bec800832a2b9fef73347736e8e5088b4cf5e8,2,2
da0e0c34a3af0a6d5af122b6ef7d35b28f9b475fc044c05ecaef07b5fe0e3973,aa89031eedff9e6727539d6eba75c9859da4040559b015bc1c92928d8bfb6dc9,0,0
812ed54980cad0db0a4923c9fcd7fd6705193abdf01a8b755d6381584b3878a8,aa89031eedff9e6727539d6eba75c9859da4040559b015bc1c92928d8bfb6dc9,1,1
99aa9b7433b85dd457db22483a61f36d7e30478a2e2c7a595b116130ff59bc37,aa89031eedff9e6727539d6eba75c9859da4040559b015bc1c92928d8bfb6dc9,2,2
68a9a9db10199a57a1de8725c3234e1d304fd13f37f913bb62f15704f3edd793,18357e919ce67a708b31cdb1f9942b0f4f8c7b256b5ad88bdc5601d97ac3070d,0,0
d1fbe72136bf0fa955f31deeb521695809c1a388372888b462b9761f8929ff17,18357e919ce67a708b31cdb1f9942b0f4f8c7b256b5ad88bdc5601d97ac3070d,1,1
420c69117023784f59d98bdf3ce9989039d71656eb0d399965c4f6c34377638d,18357e919ce67a708b31cdb1f9942b0f4f8c7b256b5ad88bdc5601d97ac3070d,2,2
dba4fcd8cb96dd9d5dbb558dc24b4b5a3935197945bfbce083bd320e2f043ae4,6b0b75134803909e4252233b51a79c3b4f2e5048bcbd7570b26d8c1c9dc83528,0,1
eee68efb4f689381c57bf827712d78e3d371aa8e33b832245af446641c390e8e,6b0b75134803909e4252233b51a79c3b4f2e5048bcbd7570b26d8c1c9dc83528,1,1
0558bfe3e81d18b5a336386e3a29cf9dca46324a32fcfb5e2a143f3ae15c9d67,6b0b75134803909e4252233b51a79c3b4f2e5048bcbd7570b26d8c1c9dc83528,2,2
7541cf5ed44f5dbf375b38310c63286d5d81194439eb201df5a33bfddb076d2e,91aedd06bda1b3143bda0d4f3e5274eb7103a55013b89ed09622e8cb4291dc37,0,1
a75a1843b807cb7f91e57da49137e46597a49cb80fb668e90dc8921c435a96f5,91aedd06bda1b3143bda0d4f3e5274eb7103a55013b89ed09622e8cb4291dc37,1,1
90daeebd03a5473762f0a1393a3f895e31bfdf0f4c30803a3b44d65fb4c37ea4,91aedd06bda1b3143bda0d4f3e5274eb7103a55013b89ed09622e8cb4291dc37,2,2
56acf8ffdcca9d19f5be44691c2025f727bca867daead2c04f9d865d0d03f968,a4752df0173a67fe7dac43c95991b1ea774c877dc425399bf76efd9b9f6bffa7,0,1
cf8b6393893742b573a1853112d241b45ea407641411481fd3df706a40d7695d,a4752df0173a67fe7dac43c95991b1ea774c877dc425399bf76efd9b9f6bffa7,1,1
2f7d9960b244da7f4b1b8cdc10f80c67be08f45b139c691eb66033445e8903cb,a4752df0173a67fe7dac43c95991b1ea774c877dc425399bf76efd9b9f6bffa7,2,2
c047563cdba3dc91235d5f30d0af43b1d2d5d4a43b96e953bf8fe41db06ff624,220ca2754d9d26c007a5926f8315e1666fd12f9e9136aa1387ae5cded15eec6c,0,0
88a28ddbdbf5245d7acf722791fa3c31ab3989b91aa2a691d745a80086c6be99,220ca2754d9d26c007a5926f8315e1666fd12f9e9136aa1387ae5cded15eec6c,1,1
45b9024e3bae79caff7cc521876ba77b36ebc208dc139c9717a2de8b13eaa91c,220ca2754d9d26c007a5926f8315e1666fd12f9e9136aa1387ae5cded15eec6c,2,1
bd4acca73727fe5bb4ba68b21a0a2ae0bf67d3f82b181983d5144863fef7315a,d2f6f59be0a089ef5da8acb5420013e875640a9a2dcf4c0a7e7022d4adf15224,0,1
ec97a33947efe186c7f32184467bb1ed35b36ee665a0fe03ed4a56fdacea170d,d2f6f59be0a089ef5da8acb5420013e875640a9a2dcf4c0a7e7022d4adf15224,1,1
f603a25db92deb0553d89fafcda308e0093bb8e505aa079795fae688bfdd79b6,d2f6f59be0a089ef5da8acb5420013e875640a9a2dcf4c0a7e7022d4adf15224,2,1
fa4c6ef01a1c0794b3afdadc722d8f6f41359e715312272459f13e92c62d5da2,aa811e3da522ba0e3d45a84486601ea74b3e7b6ff2b348792bc3c9745ed9fecc,0,0
b5560b4bcff8c11a542840879f3d3e98410a85fb405da7b61be3c711d2bdcc14,aa811e3da522ba0e3d45a84486601ea74b3e7b6ff2b348792bc3c9745ed9fecc,1,1
8f834c1d2a6c4551fa97ebb79cb02b152c9111bbdfdd3d83c6be5cce28e1e5be,aa811e3da522ba0e3d45a84486601ea74b3e7b6ff2b348792bc3c9745ed9fecc,2,2
745c8286f5df3ae69531e7d2d59c3d2e82c5b7b6d23ed4be3200d2291e04cc3e,e8762fe99a955a1fd85278ebcac140a941d640af565ce5c5d1749fbb93c355f9,0,2
1d3835a549376af31ac3f704e5bd698dadf5e8bacdbb264c5e06610f0bc40f00,e8762fe99a955a1fd85278ebcac140a941d640af565ce5c5d1749fbb93c355f9,1,2
c2b10436c3a3c5a44bc482f2b00c037e57a5a24d2f50599b58091a6bfb28d830,e8762fe99a955a1fd85278ebcac140a941d640af565ce5c5d1749fbb93c355f9,2,0
aeaab68ce48568a28f375a293e8e68223b1ec02c029c5ff2d5ef9c000f86fcb8,7625549c6b193dc9aacf74a0f00456582e82ef6a6bee18126430cc7bf7256ecb,0,2
984d31b931fcc17fb314998e4ab6c471493904e89ea3dd3554578074e11d9ef8,7625549c6b193dc9aacf74a0f00456582e82ef6a6bee18126430cc7bf7256ecb,1,2
60e912626548380403da5d23a5352f39afaafd16718d414cce9da3bcd9bd262e,7625549c6b193dc9aacf74a0f00456582e82ef6a6bee18126430cc7bf7256ecb,2,1
cc1fdf9959795f63b1a556d9a360ac1c39aaa9fcccb39330ffe59eabe2b360c0,c75ee4f8704b9a2c3fcfd4a72748b07e468b4ceea05069aaac19a0d2519acba1,0,0
a45a7918d428a8157307e072796f4bd76c442cb6b78f54473bef0ac553f68add,c75ee4f8704b9a2c3fcfd4a72748b07e468b4ceea05069aaac19a0d2519acba1,1,1
9f41b4050681fbd224deb074afdd938634c40f6994ad11ee86b04c9aecf915d5,c75ee4f8704b9a2c3fcfd4a72748b07e468b4ceea05069aaac19a0d2519acba1,2,2
9507f838e6b4d817247de6049ad0642e0c16d8477dc4a3f7e94b7d02f5005489,e36f4f7acd12310b5a3b56ffcdc8cd6565461dffcffc26dc1337d7954c1b7bc5,0,2
59177437667835fe0d1df278de88856dbd8905a6feb01b263f366beb03b184b6,e36f4f7acd12310b5a3b56ffcdc8cd6565461dffcffc26dc1337d7954c1b7bc5,1,1
49861190dc4a88883917284a3fb64d8dc42b2222b8abf05b8164ddffdc8e1302,e36f4f7acd12310b5a3b56ffcdc8cd6565461dffcffc26dc1337d7954c1b7bc5,2,2
9fb31f60e6234df615c62b68d44615be6ffb5279cc76f3d28dded32003dd8832,54f895e032c2b6aac651599e438d262fbc97de9c9cc4951434f433d2a0072589,0,0
4076777a77e16a7ab857a51a05c75d90c24cb67dd796c4109120e778e985e784,54f895e032c2b6aac651599e438d262fbc97de9c9cc4951434f433d2a0072589,1,1
c7713c3c32631ecd9f1468e1f9dfe26e9e6a170d746c3fe99e497f19d8dd00ae,54f895e032c2b6aac651599e438d262fbc97de9c9cc4951434f433d2a0072589,2,2
b98f151a048216a2d3286a1edc3346692eac89aa7fdad3ab0facfa0359c52d9b,c35e3a6f1ab6d88cec794bcd0285236666822a175a9dfedbce55fc01388ba688,0,0
bd0e37c1e831dc6ca937876d66a14fbfc73b52a8396401af3be33a3d745afa82,c35e3a6f1ab6d88cec794bcd0285236666822a175a9dfedbce55fc01388ba688,1,0
0a21bcee61ecc649ec9e7d919ba9b6054e4483d74580179cf6708b486cf06341,c35e3a6f1ab6d88cec794bcd0285236666822a175a9dfedbce55fc01388ba688,2,2
78afbcc1e4d817ce9bd2604622ffe10c5b4e554473250f723eeb69deca638c2f,2733b8e0ead1d220b77b7e7a915189b2c7bf3711e1db0209f530c240aff195c9,0,0
b0005690492d7950291c75f2aaa38b33a1d20588b9e6984077802751c933e9a5,2733b8e0ead1d220b77b7e7a915189b2c7bf3711e1db0209f530c240aff195c9,1,1
f27ee9c94c55cf934ac70ac077ca5a74014d1e86726a046adc6051c9911c50fc,2733b8e0ead1d220b77b7e7a915189b2c7bf3711e1db0209f530c240aff195c9,2,0
879162c3f85fe407cd8c865c189b8a00c0e4fcfcb0068708e7e24e58ee8edb96,e4e93ba37d71fe5501817002c9a179cd99d59af43d206279ce2f475ebe613e8d,0,0
58e4b6e53be6db05a9ce4ecbb8146691fcdf1f9f20cdaa3975537b45b4f5ddad,e4e93ba37d71fe5501817002c9a179cd99d59af43d206279ce2f475ebe613e8d,1,1
c0ff62f90fe95aa19257e87d384fde10f447a974547ecb6565d756c2c11ba841,e4e93ba37d71fe5501817002c9a179cd99d59af43d206279ce2f475ebe613e8d,2,0
fb01c24700957f7725ebfb53e9b214568da88c34b4b280dc53afb85d7d9e4d86,b2b6a84c3df3e63b9c04f936bfa31daa131f229f2f311c80e3ec0f8e839abadf,0,0
ec3973d0983d6c9d54170be116f86c0a1b249aafc0fc4f1526ab0498352a25fa,b2b6a84c3df3e63b9c04f936bfa31daa131f229f2f311c80e3ec0f8e839abadf,1,1
f78c7fef9a9e035f8110fc8a5d39441497a5ba3edd8cfd542b5f471f430db5f5,b2b6a84c3df3e63b9c04f936bfa31daa131f229f2f311c80e3ec0f8e839abadf,2,0
048065278cc3b14f4be46e2648d2e6b724734742fb2c13e48f96bea8911afb01,9fd78e6c54602ad8494b9b5eb4c83ba73b77e0b1214c8e22e2d12a8f7f7cd454,0,1
e917a33be334f4f5f81603d40e57a7d37e7f3c23708e2d07256552e66fbdfa04,9fd78e6c54602ad8494b9b5eb4c83ba73b77e0b1214c8e22e2d12a8f7f7cd454,1,1
c0133ce515dcb55ed40626616779b26dc883bec1944e466f2a4e5e4bc3f4337f,9fd78e6c54602ad8494b9b5eb4c83ba73b77e0b1214c8e22e2d12a8f7f7cd454,2,2
668f9b91a685949be0c712ed1dcef048f9133229adf9bf883053264ae0f3de2b,5af48f5a97d57174a326178823da385018e83534a87eeac991a42a03a3ee5107,0,0
578ea72f74a6aeade335fff2820a14acd9872e9da59665fe6cf3e2affd2af243,5af48f5a97d57174a326178823da385018e83534a87eeac991a42a03a3ee5107,1,2
6d461c895b17c79eac032b73aac39671d3e26f6cc2fa280fc634be0ac1edac2a,5af48f5a97d57174a326178823da385018e83534a87eeac991a42a03a3ee5107,2,2
e38e12e7457ae1d0a577de52db07c355393e2485e5965e3d0433deb1c1687b9b,411df9ae2f08ba90baa8342a1835f97ba423998e770a4725a5c0d423c7058162,0,0
71cb493d30ff65b5ad394c90f88c18e243bdff564164f3efc9f023ed4292c25d,411df9ae2f08ba90baa8342a1835f97ba423998e770a4725a5c0d423c7058162,1,2
a59961db35da47644e7f118c6a3ac569795c126d9ea398eddfd45d6ba2fc5a73,411df9ae2f08ba90baa8342a1835f97ba423998e770a4725a5c0d423c7058162,2,2
72c9ec542d927398bf2af31d7d9267a1e1ca388cda401f463dbcc9ec25256308,c28f78fe6a933e0ae6440731c295ae718f4408590c590e1c57b7b06ef765fd44,0,0
cfec4fb4f4d1399d1c23efc45d9820c52cec1d7ab9e310a46bf2e27d6da8a7bc,c28f78fe6a933e0ae6440731c295ae718f4408590c590e1c57b7b06ef765fd44,1,1
6dc9a463ac9f4912162a39276c3641897ea4c751a3ee658fc9e952a125cccd4b,c28f78fe6a933e0ae6440731c295ae718f4408590c590e1c57b7b06ef765fd44,2,2
1e2f9ed7262d84c642e5eb52cf69e2bea2ce18d34996c5cfd942fe8361e380f9,daecd11bfe1b4a5edee3aadf43b4f60937eed630b7785c2f408fc2b535c882de,0,2
5ca3a7b78394ec9af154173b0edd2dc777efc281ed384015e5fd0d2cff21f2ed,daecd11bfe1b4a5edee3aadf43b4f60937eed630b7785c2f408fc2b535c882de,1,1
7b32a83d44df2cd6a876404890f7c58bd0dfb6066e44dfc46faeca95d216cd73,daecd11bfe1b4a5edee3aadf43b4f60937eed630b7785c2f408fc2b535c882de,2,2
178dda8385b0d15d6577cdf55f558de0910e7c196cff7604428015d17f1866ae,ecdce93c6c4ad2ca5e8f387e8022b218b36e73563406c3639fdf351f2c950e60,0,0
854508f478ebf450e2e897a81a8b042c50d7309914ff8cc0f40b4be8d02658d0,ecdce93c6c4ad2ca5e8f387e8022b218b36e73563406c3639fdf351f2c950e60,1,1
daf29b87c5c19c0037d7ab3516d8e4efb8af48e43c26a56581c16235c4466f5a,ecdce93c6c4ad2ca5e8f387e8022b218b36e73563406c3639fdf351f2c950e60,2,2
4938603d519e9b041211877fe36cec8ccc18718023df24fd02864ac70b84c2fd,9b3d5fd3a210008f5f8a8273435f023076217553757e75c96185ae3571b5c058,0,0
93cc97d17e31a85c741c0cd49adcf929ed5a3a45bd31695ab87cd8883644dad0,9b3d5fd3a210008f5f8a8273435f023076217553757e75c96185ae3571b5c058,1,1
b58125f7b2d8e18800070413aec10618293a3549b0d8efd793b905fbd9d4f67c,9b3d5fd3a210008f5f8a8273435f023076217553757e75c96185ae3571b5c058,2,2
2027b8bdeaf2eb1ea0cb5d4148d6f3855b1a231682864039631fe71d24c5fee9,097e7f7f417d82975615f086eadfa010bb10d21ba3778ca738100e396b4f08a5,0,0
35bf9976719edb9660bac5f4499db4b64c4e3a9455040f9c1eb8662ae5838367,097e7f7f417d82975615f086eadfa010bb10d21ba3778ca738100e396b4f08a5,1,1
362678766aa6ea4c6609d56f48314a29be41663fd8cbb4332bc499ffbb53ed4c,097e7f7f417d82975615f086eadfa010bb10d21ba3778ca738100e396b4f08a5,2,0
2b5257271fc92379a9acb95270534fb1693fff76c9e6bd05051f2f3b91bb24d2,16f214607101e6a890b9a9db726d59f3d083dbee472f2155108f26dd400cf521,0,2
532fbbbc9b3a08a35ed86a0fa58ddb1684d4df626155561c22eb71f16c07a843,16f214607101e6a890b9a9db726d59f3d083dbee472f2155108f26dd400cf521,1,1
e37f75cb9f40039b09d2cd03b09f4dc5c04380ce5c640e2f3b77f805a6163fd8,16f214607101e6a890b9a9db726d59f3d083dbee472f2155108f26dd400cf521,2,2
e07453a77ca087efdeed76d36e5206e529808fcdca4c29c84156a615780ad012,ff9acdbefa7e03ac4226f19c3756bc2a814b2671fd2249f46419f338ea65a816,0,0
d93f2c1a4afc4e7095249efa1943882785ea2b643477aaed9fd43c381d2f0f54,ff9acdbefa7e03ac4226f19c3756bc2a814b2671fd2249f46419f338ea65a816,1,1
2347a92da830e579bc8cf43e6cb1e18459ddbee68a477c893056b4e2f8df1c33,ff9acdbefa7e03ac4226f19c3756bc2a814b2671fd2249f46419f338ea65a816,2,1
dd5bc2f85ab6a076c30f3016f1765d4a10075e46654bbe11f60c56c56ffc1f9a,f2ac321a738e6392c56f500450887286985e47051110e805bb5afa93fcabea22,0,2
bad6d9a43adeabb230b1ce5992b9e52058281a6d014e2225ce3645d937f174a8,f2ac321a738e6392c56f500450887286985e47051110e805bb5afa93fcabea22,1,1
0142192e783f1a3c842badc615aa7f315626fd4ed517453b4c53eea3f95790b8,f2ac321a738e6392c56f500450887286985e47051110e805bb5afa93fcabea22,2,2
1d483247ecc178b1c34e4e7901025183dd72ddb4329efe9d1049d70d1d52f4d0,0426701d2888d0cdc9f76868f52b054ab79b65549d261eb0f342c0186992c80e,0,2
908a5552de2b7f579938fbe4ff6a4d59711a379192e93e71fda0098f7f234014,0426701d2888d0cdc9f76868f52b054ab79b65549d261eb0f342c0186992c80e,1,1
1170e3af82cfaeb48446a561f7c3bc5919e9ebb6499877284d37ce3ea402a6ae,0426701d2888d0cdc9f76868f52b054ab79b65549d261eb0f342c0186992c80e,2,2
08fce79900bb29af43a3c9826fc0a96b6e05d04f49fac01f4e8b3d1d338ae7db,2795796919f311431b1a6f3449ea2d73513f143ff76923c7949169e0ea40e427,0,2
a139c644ac91204f48f36da944b8d9f75e7d1d48e53af98f9b387bfae101424d,2795796919f311431b1a6f3449ea2d73513f143ff76923c7949169e0ea40e427,1,1
578db0c6728d8bb887ec4b1067a628aad29754a36a16f256bcc4616d47d085b2,2795796919f311431b1a6f3449ea2d73513f143ff76923c7949169e0ea40e427,2,2
8fdb888b129287cc86325548eaeca268b5061bbabecfb6c1c86e916256fc3f10,69ff898d2654b3b3b21ec945d0c195036eb030a4759959941b45f41841ecdaf8,0,1
b27365fde56ab8f08ca511f76223f48417f7d1719599851743527a701592aed3,69ff898d2654b3b3b21ec945d0c195036eb030a4759959941b45f41841ecdaf8,1,0
3e56cb4f1954c4ace79fcfc3702d60bfc3d56f315c005f1d1dc56e6a55f7d63d,69ff898d2654b3b3b21ec945d0c195036eb030a4759959941b45f41841ecdaf8,2,2
6773cbee339e4e5c058a41de7b6cd0b263b225c82e1b547368cb3e80b144cc17,ec29d7822f7e94b308d8700a8d275890e7e68d1c3e2206c6b564b9333bd1c92d,0,1
ddd4161e454ec4cbdd333179bce02a7ad0c6426cbffd5c1c12372e6c1c675f8f,ec29d7822f7e94b308d8700a8d275890e7e68d1c3e2206c6b564b9333bd1c92d,1,1
b1b819b33d2deb18d38135ae889ffad9b8ab86fda87698c56d5101f864fe6fe9,ec29d7822f7e94b308d8700a8d275890e7e68d1c3e2206c6b564b9333bd1c92d,2,2
f7ffa8ec7079af788f9f8e1b62ba8421889b41691dfbabf4c4399863cb67972c,17a054145c9d080c0e37e2290e8bb5b23f64eccef14b6742cf29e72e532e2a69,0,0
680d76841edfd7d5c7e4056a0dde292b3c07f6f206641aae7bb87b2bf0be6ae5,17a054145c9d080c0e37e2290e8bb5b23f64eccef14b6742cf29e72e532e2a69,1,1
393725c99adbf3bab08b93e34f217140046c62d028bfaac463bced7faa59dedb,17a054145c9d080c0e37e2290e8bb5b23f64eccef14b6742cf29e72e532e2a69,2,2
bd3ba679ca8ed8c918c135887bb3f2eba0f02c4ce47ce88a34a2187b5227f8b8,ea9bb7fdc463580d4d98e44d976a5ccf30c58ba71fe44a289d571f2619441c23,0,2
39819d57d0e9c089dfa0da7b92d8dd8437023d984fd16dedcd81fb446b9daa62,ea9bb7fdc463580d4d98e44d976a5ccf30c58ba71fe44a289d571f2619441c23,1,1
f690d1c8e1d2aee862388d606214f514dadf24b15c50b9fda6f2085cf240c072,ea9bb7fdc463580d4d98e44d976a5ccf30c58ba71fe44a289d571f2619441c23,2,0
d319f322fbf81efe448149df161453e2881ee71d243e12a27ca345ee362121e6,b0bad1559bf96836375b082daf98f2eaf95835e32d5411ae88b032be429a5fd8,0,2
208b27f3392a6111018103309c5fd115d9968b90a2553ab36c3e01afd9b1b510,b0bad1559bf96836375b082daf98f2eaf95835e32d5411ae88b032be429a5fd8,1,1
ae6182c142e3386b263393c604538d5e4399fa4cd86904cdc598f91de4c0916d,b0bad1559bf96836375b082daf98f2eaf95835e32d5411ae88b032be429a5fd8,2,2
03d1a61e9a634d776765376572a45fdf5a128c3bdec41ee0ba417d7d7b675f5e,9e20ac76a3c55e3b5d7380fe67aa740e8bf34cd4a7ff680ca26c2c98aa58336a,0,0
baaad864fda03117dfee2b6766cc992c004d28656463c1fcef878218f0eb96fc,9e20ac76a3c55e3b5d7380fe67aa740e8bf34cd4a7ff680ca26c2c98aa58336a,1,1
f2a9eedc4aea617c71810b722dc54fce538f38095c987b8662faeaf889a68f4b,9e20ac76a3c55e3b5d7380fe67aa740e8bf34cd4a7ff680ca26c2c98aa58336a,2,2
21fae2779bf1e1909912ae1a3da55913e28291f9768c0f952a10641b249bc1b3,ce7dc598d844e53639f284a9c3966da1874c5eb77d224b6c54f35495cfa6aab7,0,2
84657f20fbc88e5c0e0eed1c5a3a6a5098e7982701c41cff59f3aae8ad9dded3,ce7dc598d844e53639f284a9c3966da1874c5eb77d224b6c54f35495cfa6aab7,1,1
bdb629f562b1192c665fa98cad76cdd4e45bd51eb5bb0c27b02efdcd3ab3c7df,ce7dc598d844e53639f284a9c3966da1874c5eb77d224b6c54f35495cfa6aab7,2,2
e16b4ea4d9bc75dddab9bfcbe5b1c3667e6290ef2454734b7ef1259b6b57a98d,8ade79d45fe13dd15317e0480025e194e93e2e611dde2fb18123fdafb9aba0f6,0,2
b53b0a5796ad8ab8929237fde6bdca3997853bc6c4d67591eb95a26165a6361b,8ade79d45fe13dd15317e0480025e194e93e2e611dde2fb18123fdafb9aba0f6,1,2
eeb3cae89f30b3ed978a6910ae62d1a79a9818bd40677b260d16cc8315d1e72d,8ade79d45fe13dd15317e0480025e194e93e2e611dde2fb18123fdafb9aba0f6,2,0
b9981938b27b65f52ba4c175f919be75742a302fb165820d7fa54f8db68c1121,7ee6fc4b51d3ca08e9bb8f9e366e4b70a36ab8e04de0e73fa11752d8dda218fb,0,0
342cdb3de373038ffc5495c28d673270bb0ad58e54fc76151fea8faf32c44180,7ee6fc4b51d3ca08e9bb8f9e366e4b70a36ab8e04de0e73fa11752d8dda218fb,1,0
8135d5568be58517e2b59019002a9774d4daf552c7d3e201fb1109b272d5599d,7ee6fc4b51d3ca08e9bb8f9e366e4b70a36ab8e04de0e73fa11752d8dda218fb,2,0
7cbee4f7d97f1a6452b6527ea70045eec48110869b2f856dc16c4369acdc585a,36ffe91df0837cdc3afdb6b35e77a91463509e2f09c6fbb0a48fd0565a71c86d,0,0
43ad657e79ceb9ede5fe4acf14f9675a420055720b108557ebcad7a0e2350189,36ffe91df0837cdc3afdb6b35e77a91463509e2f09c6fbb0a48fd0565a71c86d,1,1
6aa92828344f8796a10fb939f53b952a914c15f5ec2f4b67c33f945863d0e10c,36ffe91df0837cdc3afdb6b35e77a91463509e2f09c6fbb0a48fd0565a71c86d,2,2
abca8b310baffa40b46f16376eaedf39141fc43acd1bd126efdcc836f138ff3b,1943b967dad1aa119db5ab46d3f6b122d2425fd03947e5853af9c63ad9a81f14,0,0
f5beb03711a1c5add6e0d14f51b646bd20f560ec2c99c7cff7ad920d4f84ca60,1943b967dad1aa119db5ab46d3f6b122d2425fd03947e5853af9c63ad9a81f14,1,1
6d9a83184ff79998a24e838177cee64ada7ecc817bf2fee096e6a2ee4c840525,1943b967dad1aa119db5ab46d3f6b122d2425fd03947e5853af9c63ad9a81f14,2,1
33c7d2a4d7fa3217c5a59547cbc7b8cfe5b29a38a482c6a9363e85a0dd5ba09b,ed5a52b34cfc49f291be878aa87aeaeea7ccf71258500ab7443fc676893f7108,0,0
3ba2187f478eb9c71958d37f08a09cb5de553553de146d6b34436f651f83721e,ed5a52b34cfc49f291be878aa87aeaeea7ccf71258500ab7443fc676893f7108,1,1
2cc8371bd01f70c9b0ce35794d160797ddb9f9178672151dae0bf126eb311ac5,ed5a52b34cfc49f291be878aa87aeaeea7ccf71258500ab7443fc676893f7108,2,2
5de63b8a7051be576e2c55bf5b0054911ab9edf9bd20e91c091b5fdd876e98b3,60eaca3482c1a0249bde686b147cfaf910366159087557d15bc02c5bc31e7382,0,2
7fdf766d2c87b7c9a3631e55dba235f06d009929c92c7058b33cee62c920c717,60eaca3482c1a0249bde686b147cfaf910366159087557d15bc02c5bc31e7382,1,1
9b9b1a2cdd9a36944dab73f4c363617527d53a73947acdc7d1eaa31edda95403,60eaca3482c1a0249bde686b147cfaf910366159087557d15bc02c5bc31e7382,2,2
ec24ba558404d0a5aebedf7c845d539721c5c6aea3a32432fe77d42c76839f6f,7f631d964b1ce70656d65608774fd6ae8c89bdfb11c2c5131e03aee6f11267b3,0,0
6e790262a45cdb47429883a25e934769ee129a64501775f27946cf1a660c9720,7f631d964b1ce70656d65608774fd6ae8c89bdfb11c2c5131e03aee6f11267b3,1,1
456dbeac4a798dd7d1880fadee4c5363892dfc6e7ae9e7540d3acb340c7eae3e,7f631d964b1ce70656d65608774fd6ae8c89bdfb11c2c5131e03aee6f11267b3,2,2
4351a33ef4059b47b0576fc92a6f17255042cdf45ece838b0d3857927b3f344c,0879fb46738841f02d795121e0c1a82520cd12c9a3f71809f4de92af59ccf177,0,0
83a59124deb023325095a3bc4f55bb265b9133ab99f3cd6653d22c54c9d7db90,0879fb46738841f02d795121e0c1a82520cd12c9a3f71809f4de92af59ccf177,1,1
f851db86715a7e7692ad434949b3834a900dbe16e0beb12dcd746e1c9e8af358,0879fb46738841f02d795121e0c1a82520cd12c9a3f71809f4de92af59ccf177,2,2
3904eb564949ffea26502138ca139f34aa8c59c00956e46af3a66e08ac459dc7,5f0d56b3673cd051c0edec188a5b57a810f748269ccb4a7e2ece8064fe485149,0,2
dbafc81afef3a43daae84a4ed0cb84820a2aa4f8fae0b2238368854686c4fafb,5f0d56b3673cd051c0edec188a5b57a810f748269ccb4a7e2ece8064fe485149,1,1
6aeb5bd7329eaf9ab0e614499f09bab0c00c38119ac4c25062b5316845747baa,5f0d56b3673cd051c0edec188a5b57a810f748269ccb4a7e2ece8064fe485149,2,0
de68c8c8092aee39df8dd1a3dca2d6f906b9402bf613c93393145c4800727607,9d9343d45abe08dff9c288b0ca0da2e0d0cb77f487f2e3b66ff2b11d92d618aa,0,0
8c76be2ede6a39b842e2387eac3bbcbbc741ff1599cc88daec3f3493a7031bfd,9d9343d45abe08dff9c288b0ca0da2e0d0cb77f487f2e3b66ff2b11d92d618aa,1,1
7f533eaa00a35355b6d8175625afd58b2da114f0976393bb8bbacbbd1f8ad758,9d9343d45abe08dff9c288b0ca0da2e0d0cb77f487f2e3b66ff2b11d92d618aa,2,2
30979ceac354762a706102ac2def78c0a36ab64cb8d36c1429ff22ab090700f2,849f0aa267936d8e286f5e157e3d63a27412a21272ff320de2586ba5c7d9c048,0,0
f36be791ce7a28ab7db000e417dd0fa1d89756df06da9f5349c07d899b18f31b,849f0aa267936d8e286f5e157e3d63a27412a21272ff320de2586ba5c7d9c048,1,1
8e69961c9dc1ebe7652305101559d7d309bb5d76d8304cc551a6f64db9e237b7,849f0aa267936d8e286f5e157e3d63a27412a21272ff320de2586ba5c7d9c048,2,2
9a7f5be34a1951159f2c9f2109373a1e504d45a78a610928455931d374186438,16475b7ab1934ec2f3bcf3e5303d13560920001174810efdf7c415a6c977d81b,0,2
4260b79eebdb2a0d5edf0b5147cbeeb2b7776f85712f5a8c8fe3aadea66d8abc,16475b7ab1934ec2f3bcf3e5303d13560920001174810efdf7c415a6c977d81b,1,1
6e5cf9a755d1affcb0b3ef5f696be45a6ddb02862b379e09fd5f5082edb2ef46,16475b7ab1934ec2f3bcf3e5303d13560920001174810efdf7c415a6c977d81b,2,2
878d02dc71840ca35a56a620951822b548fe12afc8849c960d61b56790a21dcb,9dad87198577f0593be8c52a0d3c2db1d0821447805f22d34bec61cdb365914a,0,0
617a22ff023a028207e75ba228ab2947f7dc504b561f0dec64651c92d1a462a0,9dad87198577f0593be8c52a0d3c2db1d0821447805f22d34bec61cdb365914a,1,1
545ddd7e314bd5eaa6cbe3fa37fcc5a20e7a078eaca642fbf46af4f546301863,9dad87198577f0593be8c52a0d3c2db1d0821447805f22d34bec61cdb365914a,2,2
bb6cec6f7648576a572b79c94b94fa02f35df2974a5dc070772dd70556b4483e,de21a1ae0aef76cef5323fd68b7829b133922f55ddd9476d9203ece1f50ae05d,0,0
ab9a45fa79315cd33a410427435d2b9a7155c9dc346714032dda0e427eb091b3,de21a1ae0aef76cef5323fd68b7829b133922f55ddd9476d9203ece1f50ae05d,1,1
52c57df03093b9ab00f135cbad36e0a14e11eea2b3b96c8e0451120a4dcc2dc7,de21a1ae0aef76cef5323fd68b7829b133922f55ddd9476d9203ece1f50ae05d,2,0
56585d53eca5dd4f09527dc016756fd6b4a0657a15331e7ff201f3fb84c8b1f6,db962347cc9d91b71c715b2789bf09e9320d05a155a74469a08e1e1e9bd37bc4,0,1
2f700bdadcf886063a75505a3ee62936426be1e68783c924aa5297f3594fdb09,db962347cc9d91b71c715b2789bf09e9320d05a155a74469a08e1e1e9bd37bc4,1,1
2234f34a9b7bc8ef243305ee61b1b91510accae07ff83e2aced81a3801d1d6bd,db962347cc9d91b71c715b2789bf09e9320d05a155a74469a08e1e1e9bd37bc4,2,2
322321ef5db82b742d5f57d35bfe7e14fb45663f31a8fd30343f2ddc743e1b90,97ecefa0f9bbb1836920143c6e9d5ea0c2bf4594c59a172a894b3d153891d93b,0,0
48ed7a44e922996aa5a1b93b686c65a2759109e0a7dd55ec443e75c7708ff1de,97ecefa0f9bbb1836920143c6e9d5ea0c2bf4594c59a172a894b3d153891d93b,1,1
1b1fd4ab156be8ea96cef20ca24a4294a553051bc1c7181a855d968251d878c2,97ecefa0f9bbb1836920143c6e9d5ea0c2bf4594c59a172a894b3d153891d93b,2,2
4aba36eb7f8d32dd454124759f0e428a2b0e622e2dbc5c9f0a50d8a1c02d8a3a,824a3be836f3541da4202f0232f201fc0b8506970db9d2b8f0e271c64438a1db,0,0
9b36dbe8093f6d7ad5f5ad5accbf0a5aa2c5fe25ae25ae7711d93056ca1112e4,824a3be836f3541da4202f0232f201fc0b8506970db9d2b8f0e271c64438a1db,1,1
16d7a7aff8785dc461e7c7f95f9b3e65f776d87b6fd8e3a2a1abb3a59d67ff73,824a3be836f3541da4202f0232f201fc0b8506970db9d2b8f0e271c64438a1db,2,0
4ccf38c207ef2897e29945d8b0dbd37146ebb8f403dac6c9358ab885c74cb40d,b50246161370dedd6f6850aa17a94a735bb8d4b4f2ef4d5b61bfa23a05a5cf8c,0,0
4ec714b289b02c3e1cc5eb3b4d1f93fb2b11f96de3be46942ff144256377981a,b50246161370dedd6f6850aa17a94a735bb8d4b4f2ef4d5b61bfa23a05a5cf8c,1,1
77f361a013794f92d15a8eb1505b253c9b06dff821172f1626e431c798e0ac83,b50246161370dedd6f6850aa17a94a735bb8d4b4f2ef4d5b61bfa23a05a5cf8c,2,0
0b74bdd7cb7d175b531d3e1898e9950461c5eea1738f50096f547cca87ba3d19,ef8ea7596f13108223163ac6d906aa3fd47d83cff6187f17303d667483313a74,0,2
619054ee796a4b617aac921848747c9109fe3876066e61125c84c761e018010d,ef8ea7596f13108223163ac6d906aa3fd47d83cff6187f17303d667483313a74,1,1
3fb2bafeefcd6581a909c607941e85d82696d93752b4755f3d83dc80657d9587,ef8ea7596f13108223163ac6d906aa3fd47d83cff6187f17303d667483313a74,2,2
37796b71911c2b6145e2f410830a0ffa900ad54d366b4e8937ed0f641f2b0bf8,c5a0345a35dcf1b66a4efa6610b0c4fc984638f14292d2a02e5fefc23be213ae,0,2
2f034d04b7ef4b3119b89cfbca3b2d252b0a2b77f2f9516b40091ad1ca839c8f,c5a0345a35dcf1b66a4efa6610b0c4fc984638f14292d2a02e5fefc23be213ae,1,1
4a6a19630692d81718fb23ef7ecdc4aa1dc7a5ae2c7f24d43494b19267100624,c5a0345a35dcf1b66a4efa6610b0c4fc984638f14292d2a02e5fefc23be213ae,2,2
f2e02821845d1f19a22c2ae522fe7eee73a40411d8ae7ad31d19388f3a0e3941,e46c170f4104b91f769b91e28fbae94250723e47b490370386f35cf98b11118c,0,1
d7f1f7ba51399edadb5acfa17c26a4234b0fb7edac3b172b516c4addeb7e5c93,e46c170f4104b91f769b91e28fbae94250723e47b490370386f35cf98b11118c,1,1
cd56d057b83755e9b7e7e8a4781ad6ce8d3c85486f7f4a37bf77c465eab236ed,e46c170f4104b91f769b91e28fbae94250723e47b490370386f35cf98b11118c,2,1
8c6b543a688ecc1db711addd5216f3cc1ae8b37fb1d927a1cf9e2a8fe5b4965e,0f8557bfef1120e3edf033de3492f20286427d48bbc1dfa53fc171a13e5bcfeb,0,1
956bb4d7e9908ab141f6ba2bcfaf79650a70ea8736990d48aa90818d92a7536e,0f8557bfef1120e3edf033de3492f20286427d48bbc1dfa53fc171a13e5bcfeb,1,1
efb7f8a369783e7c7bc52e338a93a1030f29c8a7b7b775cecbe6df22fe924203,0f8557bfef1120e3edf033de3492f20286427d48bbc1dfa53fc171a13e5bcfeb,2,1
8f92d5fddb3ba3eafe494bb52164be737782d31692942e71f3c378bc5bade0e0,d1a1b139263151427dfe0b3bdb0b128c30cdbac3c0f19a0131206fcbda39744c,0,0
f9b087e0723da67237da5f8a69a7c07972ab0582207501554e13ac44264c766a,d1a1b139263151427dfe0b3bdb0b128c30cdbac3c0f19a0131206fcbda39744c,1,1
ae9d98d9878b749c500b466cb2caff055e37241dfc37002ecbc926e202c3d800,d1a1b139263151427dfe0b3bdb0b128c30cdbac3c0f19a0131206fcbda39744c,2,0
ede951814a76d788099c3d201a4064cbc30a9bb3dcf82e94b5bd852b5ed4ed17,31dfb81fb06a9d1d2837947daea74f14e544170f95687b3b9b8d4fc40643b986,0,2
d710a4a7ced6765c80cb737a5c6d8fc172a63eed2a92aad6f13b96b1b78f0810,31dfb81fb06a9d1d2837947daea74f14e544170f95687b3b9b8d4fc40643b986,1,2
0c28508e509d14a2732312d9fab2cffb27741fa2d5a47aa75255a8ae5046b273,31dfb81fb06a9d1d2837947daea74f14e544170f95687b3b9b8d4fc40643b986,2,2
080d02aa4bb59d4127d5302491efb4323512a1af3489588ee466945dcb05267b,46b6dfad71bf2df42f4ada7b5e557e641dfe636ff7d66b75a5d765bc52a1f74c,0,2
d24ad01fec6e8302f4954ce5612f786193a22e1a1f0d740b7ef97465f7ab172d,46b6dfad71bf2df42f4ada7b5e557e641dfe636ff7d66b75a5d765bc52a1f74c,1,2
d9805b2b50ceea652eed55975f6f38325dca3788daafd5e6193f129c1b01f135,46b6dfad71bf2df42f4ada7b5e557e641dfe636ff7d66b75a5d765bc52a1f74c,2,0
e436446fb597597a461897337d35dce1394cd4f2fc9eaee17408186e6eeca119,2fd5b33318d1b0b2d73b910f0e026f8671f43e222aa591384b19191614e97645,0,2
191cbdf3cb3d562c4e3a6f57a46733d3bee9b1b3a480683f7c0b01821defcd37,2fd5b33318d1b0b2d73b910f0e026f8671f43e222aa591384b19191614e97645,1,2
d2ea43d5237ae6cca18fb97733694badc18d869449164dd10695ecc9e7942d58,2fd5b33318d1b0b2d73b910f0e026f8671f43e222aa591384b19191614e97645,2,2
0fe56717aec3b7dab53051669e91215f750bf43c85dc6c91fcac239a096c6a15,09b34bb455faf2fdde9979e04ceba82cee186895441164711a9c81884c1538c8,0,0
19eb37f0479243d6dbe847addbe00f7627c750f3eecce14fe94c34bb575db366,09b34bb455faf2fdde9979e04ceba82cee186895441164711a9c81884c1538c8,1,1
02d3a385274ca1c4c8a74ec43370f184708b2aa3653c28934deea352aa0b0bd4,09b34bb455faf2fdde9979e04ceba82cee186895441164711a9c81884c1538c8,2,2
853ae23db827861d3cc25387fdd633d4da036299f626c97126ae09741aea9e0d,a544de1b4c0d5371432c15b9bf2d56169948d00f4f103faf4bb19ee4c10af7ea,0,0
078ec22e2fb4855c3b051911f16c073e9268fb514df208a1395fd449e805158e,a544de1b4c0d5371432c15b9bf2d56169948d00f4f103faf4bb19ee4c10af7ea,1,1
10b029321b2a7a58a4a874250a669bf10fab684a2655f5d86b9ce8f49b45a00d,a544de1b4c0d5371432c15b9bf2d56169948d00f4f103faf4bb19ee4c10af7ea,2,2
e01fb511d51c0c0163049b2fe7efbe211959ea89c19f008286e68c17e76f15e2,dfe1003dc2e30d3c69f136c7b37e4843348b13e79ee267ef2266ea3911741c01,0,0
07a9480d11101e9b33e7f0a726e7ab24c3a00fc09be7d16cd4c9c6befafbd3da,dfe1003dc2e30d3c69f136c7b37e4843348b13e79ee267ef2266ea3911741c01,1,1
ebfefc66c9254ee1ff1edc128620488d7178582c0bd90577e16733b752fd9176,dfe1003dc2e30d3c69f136c7b37e4843348b13e79ee267ef2266ea3911741c01,2,2
252bed57a4f1aa97f7f1e3dab8117645a90becef24793c6a3b9674567ac71a6f,5c4e0711863989bf2758b6ea4f1b6f48c12ffb0c36e85f9ee0c5ce2e07d058cf,0,0
df30c38dc555647816241cb758d83318354e81cc6adcb7178e4819cd4cc5f2f6,5c4e0711863989bf2758b6ea4f1b6f48c12ffb0c36e85f9ee0c5ce2e07d058cf,1,0
3cc0b70bf6e993eb4d82fdb412dea60b2e1e8d767337d8e03e282e2d74b986a2,5c4e0711863989bf2758b6ea4f1b6f48c12ffb0c36e85f9ee0c5ce2e07d058cf,2,2
82874cd53180cc59e729c0172482e7b83e99bc593a33fe144aa185f989ad26ec,5448bb5b9c25883b4d17a522b809fadc8699d3091a184fb47c76bcdda88a4ce0,0,2
ae84c00915ce7578f37e95257ac9c09c3cb0d4256ffee492c448abcb76186fe5,5448bb5b9c25883b4d17a522b809fadc8699d3091a184fb47c76bcdda88a4ce0,1,1
fbc20630dfc123b2248de60300faf89362f5b8b22e49d106208b55498e859893,5448bb5b9c25883b4d17a522b809fadc8699d3091a184fb47c76bcdda88a4ce0,2,2
eb23c86ecc438f4816ec5a709803f9c170b26f7131db623f10b627a524ddc9e0,151b97a6f970704a9ba8bd9956460b3c224f12c2f05a83b5c50c0ea4d10617f7,0,2
5bce6a45742469dff75e687b66a1d84d85638598a72f7c5789e9ffa28f5dcf91,151b97a6f970704a9ba8bd9956460b3c224f12c2f05a83b5c50c0ea4d10617f7,1,1
6a03504633ca7c9be1d44792b84f16f092d2be63d2b7861edc7e06c706ad8df4,151b97a6f970704a9ba8bd9956460b3c224f12c2f05a83b5c50c0ea4d10617f7,2,2
56b9b78ce6695b779a698c6d2276692899d5f059a42cc7442a76612b92ed3b70,3f4ee365bb4ac59ef745cf34918da268d2ae95f8fc6e27a01ba475afb42f2569,0,0
07950a08fe720da683ff2f9afb3555fb5c9a32e5fa0738d066f894b04659ef1d,3f4ee365bb4ac59ef745cf34918da268d2ae95f8fc6e27a01ba475afb42f2569,1,0
ff6a4363dcbe8d4c8043ef1961bf9f4d78e7236593cb6bdab8b8ffdd3509f590,3f4ee365bb4ac59ef745cf34918da268d2ae95f8fc6e27a01ba475afb42f2569,2,0
9bb8251defb2b106dc5bb576e5530869fda8a769f388c20363a5698c65eabc22,0f83742e36dfa76d908d0d8e357d93c854d8d17c0b5460d5171a809e5039d126,0,0
5dbe10a633434c0bc85d01ade91e6690f5d6c20faccf3e70a8d9691b3fac8f70,0f83742e36dfa76d908d0d8e357d93c854d8d17c0b5460d5171a809e5039d126,1,1
cd48f3c6011f594f3c73a604b8cfc8458195d9dbb3bfd5fb2fa07ebb520544ef,0f83742e36dfa76d908d0d8e357d93c854d8d17c0b5460d5171a809e5039d126,2,0
2cbf3edadf5b163f32950eea47a158a850741404601cd5e2bbba4266bfefd021,cd363807857d182a591de29c3282840a006755700618850d160103b6c4fed7cf,0,0
befc127281f8be02d65b612780639a8ca195d48352940eee271cf41dd1cf6545,cd363807857d182a591de29c3282840a006755700618850d160103b6c4fed7cf,1,1
f469a0dcb96be6644d8b6864edb4a609c7bdcafcbe692430b96d92903223c521,cd363807857d182a591de29c3282840a006755700618850d160103b6c4fed7cf,2,2
01e15aba5a9e5454552396126d2a431b01ee6ffd8720bf9969a85f1583919dac,c0a21f7b275f8fce99187b0e999c73616f15c7ca2501ba171de8343bfa70e3fe,0,1
9bdaaf5cfd1c5f4ccdc79da287370b6eaf47846f9829b4b40111b8b970762390,c0a21f7b275f8fce99187b0e999c73616f15c7ca2501ba171de8343bfa70e3fe,1,1
5b3a39ea45713967bee7fdd08c23f0408612d25552f0ceedefe2d1300209ab43,c0a21f7b275f8fce99187b0e999c73616f15c7ca2501ba171de8343bfa70e3fe,2,0
4ff6db40a47dc39c64fe8609e3af4068bd07d7daf58c1b1a2617ce28682a95d7,3b65e7a06d3aa4d83d7d005b123bccea57f0e542f7ae6b82ba9e081d44f242eb,0,0
3c3fa6159a8ac9a129309fbd941a63e466569afab583ae5867449903c4c314b7,3b65e7a06d3aa4d83d7d005b123bccea57f0e542f7ae6b82ba9e081d44f242eb,1,0
498c3f1b32a0db1345c1d766716a7b197aa8da242431894b1deb478ffaca3ad3,3b65e7a06d3aa4d83d7d005b123bccea57f0e542f7ae6b82ba9e081d44f242eb,2,2
ac8a155933491cbcaacb190b59639e16398900db3ebfbfee4fb038138b791246,bb06309f279024c7e29a7e41f1ff2a860d5d5904f51c30ec6f2404a5bede4d2f,0,2
086c0b2df86e859a8befbd8e455e6f0a949b7c07d8ac5fde69479d5167653532,bb06309f279024c7e29a7e41f1ff2a860d5d5904f51c30ec6f2404a5bede4d2f,1,1
f76b0aeab200d9280f5780620c98d0023ab0255956a8b9959b90bd2c40f138c5,bb06309f279024c7e29a7e41f1ff2a860d5d5904f51c30ec6f2404a5bede4d2f,2,2
063230c47f277777d2fbd6d2e035c0637c4ef4befb07c69caa2b793709ab3646,0370ee09022bf3e1d7ec6db4dfe8f43d8bcfbe2474384950d4dad0dc4eca143f,0,0
32d05213e624e9675a749bf023420ae9eed373b2257fff598b23907dbb30c015,0370ee09022bf3e1d7ec6db4dfe8f43d8bcfbe2474384950d4dad0dc4eca143f,1,1
0ac0ec6816ed49f67737803dbf87f730670dd63d1c4f251944847768079597ab,0370ee09022bf3e1d7ec6db4dfe8f43d8bcfbe2474384950d4dad0dc4eca143f,2,2
c32b15c7256af791bef460ac2e3c877ebc4492ce4b909cc4d3ef9881397dd5b1,e77c3da593ec47fa01d8de64ede436b36e88510eb2e812bcf915a8f54a9b2d21,0,1
a0e353438942d8d4c8e83325d902213fcc42f3c4ad82a58406bf92caff32c77f,e77c3da593ec47fa01d8de64ede436b36e88510eb2e812bcf915a8f54a9b2d21,1,1
2d5f6e59b4ff740adde0f0a4d819f8a060f3ba85f8d13fa5886757fd23e23eed,e77c3da593ec47fa01d8de64ede436b36e88510eb2e812bcf915a8f54a9b2d21,2,1
43372a1a0344f5874864ce2db6c913e000777b46a7a1ba0da0b081f9d86fe86e,295ecc12524a321362b08c9100a0099e1050488c0b5abbaa4172d01e08514b63,0,0
94fb795910a9d213622fb9547867a6e53f89899c33cddb3491fc95d2a4ba0944,295ecc12524a321362b08c9100a0099e1050488c0b5abbaa4172d01e08514b63,1,1
8646e0c85fc4ac0d0b13e0be5c761166205d90085c7b271040d14534430e4e0d,295ecc12524a321362b08c9100a0099e1050488c0b5abbaa4172d01e08514b63,2,0
648a53ce4be04472350c96163952a05c17cfd46f12e20f20df7e6da15a8fdc00,685da4f873793fbf7a7ee6d2cffcdf73d6461b85f3a11f77a20dec7bd597140d,0,0
9be09fb9b8f933acaeddc8845c6ec85cc602a74a2b9eeb4f52d702bf244c3585,685da4f873793fbf7a7ee6d2cffcdf73d6461b85f3a11f77a20dec7bd597140d,1,1
17c430b305405ea337c5d89771ba3797e12a87a7ad5e65a3456186eae119bb69,685da4f873793fbf7a7ee6d2cffcdf73d6461b85f3a11f77a20dec7bd597140d,2,2
54146d160040c1f9db78845f31b9181b62590d7e4dd80fa27d82a2dc6c8f8f85,e0a95e2b2a67fd00a24d55bfcb5fce42c624276f921de353bea737c920e6edaa,0,2
f98b598a54e8a3e90c80ecaeb4bcfb7718a4a7e9ea6c1ad11ddfd8f3b82fc01f,e0a95e2b2a67fd00a24d55bfcb5fce42c624276f921de353bea737c920e6edaa,1,1
8ddae61595025c218d7fc78cfecdac2113ee34916741e7bcdb18ce73bd256031,e0a95e2b2a67fd00a24d55bfcb5fce42c624276f921de353bea737c920e6edaa,2,1
2c5d4e53a8ec6f6110fe1a4423629200cee96ff1f002988ac05d752b4ee4bac4,10424b9c80687be8ec755b0cf060622f25c8c13fb919f9655b87908b71a39f9c,0,2
c4ddf20693b810e5e987596a1c052bcf49458e8f7035deffa1013a2a8a69efaf,10424b9c80687be8ec755b0cf060622f25c8c13fb919f9655b87908b71a39f9c,1,1
75387705f26cb2b7e015e10f8a3045e3a63716562387cfeb9bea278237bcc784,10424b9c80687be8ec755b0cf060622f25c8c13fb919f9655b87908b71a39f9c,2,0
8e011446dda9c10adb90a9e21e3e66fe7e514abd8012f91724bfe91793929471,acb1bacc397a93e120231563531ddc06143f5f406198c59c3d21d917039968f6,0,0
a80ad15bf5063dd86fdb937137d62a4c3c19a2b19b607c5496445e7a5872fc68,acb1bacc397a93e120231563531ddc06143f5f406198c59c3d21d917039968f6,1,1
2d2aec07f66f0c5b00941abd031069e84565b5b64d009a127f719ddef7df87fc,acb1bacc397a93e120231563531ddc06143f5f406198c59c3d21d917039968f6,2,2
8b9c04a1d9c23d782962633e1fa5c3146bc880ed2c53ed27799b6b6eb5fcbefe,6c91a425fca9805163b56931706efecaeca91f45d7875529fae2c7606d0a5e6c,0,0
1c0cea2e66271db91fb2d7ce34c91fea6ab19ca9ce061f03c5037e835f6402be,6c91a425fca9805163b56931706efecaeca91f45d7875529fae2c7606d0a5e6c,1,1
c348ca2241e8a1ab37f005cb4ede9372fdc139d44136456e38d69d41b409c559,6c91a425fca9805163b56931706efecaeca91f45d7875529fae2c7606d0a5e6c,2,1
ac0e472f77e4752dbbcecf162f9e7d54cd8cad116db08ce22067e49ae9ab639d,b87d9f6935d31921a8e39882f2d277e84ea6d9c1e2eb596a2dc2c20e09f0e638,0,2
13ad7170a94c3e9b499dc7ce516122145a51137531681ac3cb0beec58111b777,b87d9f6935d31921a8e39882f2d277e84ea6d9c1e2eb596a2dc2c20e09f0e638,1,1
be2e64754117e3b03c0e05a77350d949ccc42ad2fe8110e0fbd81be8214bb9a4,b87d9f6935d31921a8e39882f2d277e84ea6d9c1e2eb596a2dc2c20e09f0e638,2,0
a1a42b7dd92de3659db92237f32b8764e92238acf7a0c8c19b70ddb03a102c3f,619e84de041c5d379f4e8dbd6b6d334433fed33bc417504c38e457cba26b2631,0,0
2882b6542f7cc6bccd1b1311cbe0b62461f08692240768b758f645567642e07c,619e84de041c5d379f4e8dbd6b6d334433fed33bc417504c38e457cba26b2631,1,1
c30e775de1b56a91c7d9af8edfb1c238c28498694326dff8223a4ced6f1814de,619e84de041c5d379f4e8dbd6b6d334433fed33bc417504c38e457cba26b2631,2,0
d0a7404f9f3fbbe7b6d9994a8589031b32e030d7d59e74d097c49985a6067de0,5ce76731ff20b8620ba1e6b024a2f0970bc75228b18b6020cc8ad7cad9a63d0f,0,0
5c85ab92e9d79e5505f0a4a30e750db32ea15fcbbdabe81092bc1a6f07eeb143,5ce76731ff20b8620ba1e6b024a2f0970bc75228b18b6020cc8ad7cad9a63d0f,1,1
db075c6c7e03cc6d7db1f766437222173226d6f48eef5dca0b9042c4e9596165,5ce76731ff20b8620ba1e6b024a2f0970bc75228b18b6020cc8ad7cad9a63d0f,2,0
c520be4ef9a78136f7caf2770af8361f233514f47e3acebcf5760c67fb584485,da1805315d9da85d633a52eaea8208ed27003576365a9f2d80701ff8545a0751,0,0
b2ed772b0fab7ecdfcc2e6a23237c6f50abee55e0c214a70f8da7c5c3b744177,da1805315d9da85d633a52eaea8208ed27003576365a9f2d80701ff8545a0751,1,1
14d32bb3aec000a55fba8551707d96170ec5a19ecf57d5c3c6becf8b2459c3a0,da1805315d9da85d633a52eaea8208ed27003576365a9f2d80701ff8545a0751,2,0
2fce55c61b9ac9ec445cd710201224132fbc21a51dc36ee8e69e36a1ff5b4bdc,9a5afbc821c7d3c624a5ab2797e3c64d1ca138192a70446e012322912e00064b,0,1
d3cb70c4f18f10618b4253f2192af10e46cbfadbe93f625ff4b11875863b1a21,9a5afbc821c7d3c624a5ab2797e3c64d1ca138192a70446e012322912e00064b,1,1
da4200110473feadea1fd93631fe873a109e96fd4bda17b41e080b34dceddde0,9a5afbc821c7d3c624a5ab2797e3c64d1ca138192a70446e012322912e00064b,2,2
8987f27ab1e69df0f0fd3a9f45d48019752ff415ff21577c626c609b03069d2f,8b616ff4956d1b8f536499f6ae2523665db4625d312e6972e15ecbfe2630f48e,0,2
369badc27f6fe7a6a5e2f0a3502c0cb2a6ae6c416c47ea8331aa06ad23385c17,8b616ff4956d1b8f536499f6ae2523665db4625d312e6972e15ecbfe2630f48e,1,1
89b630faf4bdeb70af369e2d56f818f4f580411fe96afdb37c95509b992dbb72,8b616ff4956d1b8f536499f6ae2523665db4625d312e6972e15ecbfe2630f48e,2,2
21aafb049e28d837bffcc105d93f3ea7f6118c0947f8e2acd8e3047d89f4c885,aeab61e6f082ab63cdd2c262e022025f0ddc183e6a99ff3f139bc15732063769,0,0
981585b77166ba5c91b127817477c7a36471f68c2af0360b2bfeda9b6d8feb4e,aeab61e6f082ab63cdd2c262e022025f0ddc183e6a99ff3f139bc15732063769,1,1
9fd50823917057a801af7ca444d39027c6047a8d1469412cddd85b063ee0b606,aeab61e6f082ab63cdd2c262e022025f0ddc183e6a99ff3f139bc15732063769,2,2
cae30c852a41eb752d704d0229206d2bb8bd203de8c2857222180852264dfa26,7aeb8072998e5a8ac05ce85fd64f17500facba70098c2f0f7921209dfee117e6,0,2
5316ee7422d5815f7893f233004e7b1cc9ec5eefe75aef4a74862abea78128ce,7aeb8072998e5a8ac05ce85fd64f17500facba70098c2f0f7921209dfee117e6,1,2
3d4bbe921358787eab9974e0f031034ce3e1e3fe3db79daca24fb5f7b0a2908f,7aeb8072998e5a8ac05ce85fd64f17500facba70098c2f0f7921209dfee117e6,2,2
33a45bde8052c4ea3f4078baa2c3ed9dc518382eff4aedf783c28228d6ab1594,97e625ffd4ecc7e628470a9dbc5070cb1622bf6b2592c46e2e0fb55e7a90800a,0,0
41078a62d33e4411f15f9c31fc9e08bfbe0c8f3e06295759eae97ab37e0b2f6a,97e625ffd4ecc7e628470a9dbc5070cb1622bf6b2592c46e2e0fb55e7a90800a,1,1
64b020d333654f33fac6a431844ad629babd3036a45b5c977841e277d2bfbef9,97e625ffd4ecc7e628470a9dbc5070cb1622bf6b2592c46e2e0fb55e7a90800a,2,0
093cd1b5d4ede693403e6704a56446e42291f4cfa70eda393a752432248e6d7e,fea396764d876d9f1c92cc0cea8578fff5fc80f43ee40b59cb384608030a4ee8,0,0
be9c04bbcebc622dbe5b58baaa14ea5d8c1256225dcb89bf5d17183323cbadd6,fea396764d876d9f1c92cc0cea8578fff5fc80f43ee40b59cb384608030a4ee8,1,1
1e86fb96b7eae03f660994d3587d6d182140124f21a93a88d27f58a5c7345945,fea396764d876d9f1c92cc0cea8578fff5fc80f43ee40b59cb384608030a4ee8,2,0
f6ce6ec06d55a7ab01fef84ff2f8ae8b2ccf6a2434b06c616ea62b5aaf47115f,36ef2af0e0e3c9a6907e46c781609521a02c162112dbc55ba24ca23796f8b036,0,2
5052665d1fa627a5329a7dd47362e7fd757fb357db50ab2f5af1362b582ad8b6,36ef2af0e0e3c9a6907e46c781609521a02c162112dbc55ba24ca23796f8b036,1,1
f600586804815e884b4213bb9e4a4be22efa9eeef78530aa28f06f936c7c5851,36ef2af0e0e3c9a6907e46c781609521a02c162112dbc55ba24ca23796f8b036,2,0
cab45ce8d8e46f975ad4d80037c8613db895a6266247e38c2fd595efdbd05d2e,603a2a024a3303f89155b2f4b2be13d5b6fbe47ac0e25c23fd379e0345ddef93,0,0
17f65cd25e2425a2fbf1b01f22c859a5ee8a4c5b2bb6943a47ea10fc9620b121,603a2a024a3303f89155b2f4b2be13d5b6fbe47ac0e25c23fd379e0345ddef93,1,1
52452c7c75c654e8fe0bb49c9e9b4134d88fd2340df8e03dfc889cfcfb5c8bc0,603a2a024a3303f89155b2f4b2be13d5b6fbe47ac0e25c23fd379e0345ddef93,2,2
c506e37ed97dee2805c179586cab891d4ea31acdb6bd99603d45d0a64b23c815,c1a4c6defd4bf698c39bd1f07721bbac331bc629bc160f05c0c29b9c65f5c5ea,0,0
0871af95f1eea7487f27f0cd656b63892e9f85034bd02c0704235c04e63e24de,c1a4c6defd4bf698c39bd1f07721bbac331bc629bc160f05c0c29b9c65f5c5ea,1,1
407d976e5861c4ce6e53281db5a82cad7fb4f64bf39dec7d83fb46a0e31bd96d,c1a4c6defd4bf698c39bd1f07721bbac331bc629bc160f05c0c29b9c65f5c5ea,2,1
5bf2141349acf9676e7cb9775d0de9f45ef4bb54bdf862d38aab66e44da3d1a0,67ec82ad2c3cbe6fc9791dd367e3af8a9da738ec55e974c3e849206b9ff0d2af,0,0
b1f91447e0920c5134b5ebc15942ecc66e9b44c1b17bbd7024923e797df556af,67ec82ad2c3cbe6fc9791dd367e3af8a9da738ec55e974c3e849206b9ff0d2af,1,1
a0dfea003132642cf7d2935dba353843c25c17fe40b93f64ca557df655faeccc,67ec82ad2c3cbe6fc9791dd367e3af8a9da738ec55e974c3e849206b9ff0d2af,2,2
fb51217d3b0c02e56c61958a1a41e2332fe828e944253eb257b813f2e08b75a2,9729d1a0aafce6b659455a28991bb2715464ef403487f01ef7640789c5fccacd,0,1
f037292fcdf18bb808ddd128bb5ff773647c9a6d83fa797550c64647f26796ac,9729d1a0aafce6b659455a28991bb2715464ef403487f01ef7640789c5fccacd,1,1
7f09954de5b6565b03d70778a7d3355965676ad490bebdcf4ed50221838c4f8d,9729d1a0aafce6b659455a28991bb2715464ef403487f01ef7640789c5fccacd,2,0
861e38357183a9efa3313a63451c883d2b100d9502d01795f4a7fd42d05a9258,df88952d491c99f23285f87e85a3674b2585abf60e66953ed707af6f97e12670,0,2
9202fcc1007d313efd735ff83809e0f780ded45c3fd5cd11397306e4a18d46ca,df88952d491c99f23285f87e85a3674b2585abf60e66953ed707af6f97e12670,1,1
9f306e26f68fb81b8d0babd865ba007ed1c9d3700501173be1d0a98a7d9ed8c8,df88952d491c99f23285f87e85a3674b2585abf60e66953ed707af6f97e12670,2,2
ade7d003dc7ba4de512332abde19fd61c7daa8d9424b887414e41f4d44c9e7b7,7c621df08909f70241ee19cad721b325a0eea98abd0addf4c94653f03c8b7b98,0,2
dd7a0d8a2aeaabc255d9c3de45edc12f7c644395489b40e8c3af904524c1aaec,7c621df08909f70241ee19cad721b325a0eea98abd0addf4c94653f03c8b7b98,1,2
92c3a3f334a3a319f7b356f09531e3502d1d03cf639db7e5b590626847f77ad7,7c621df08909f70241ee19cad721b325a0eea98abd0addf4c94653f03c8b7b98,2,2
a138ebcd7f77a384b53e49cfa03095390b3235a0fcddf9f5f6201c568cc847af,0922673a11be077a17d256434c5a98d9e145c6dc96849b987e2e90d04ea95a21,0,0
9a027f86304991b881a3f4fa96e3e5e72daff03beecd4074fe33aa752c1ed74d,0922673a11be077a17d256434c5a98d9e145c6dc96849b987e2e90d04ea95a21,1,1
d831054823d0c1f9c09b4459b70cafdc08e0487471cedb3c11277c201aec96ab,0922673a11be077a17d256434c5a98d9e145c6dc96849b987e2e90d04ea95a21,2,0
bcd5841446d688bd312ae7529bf80bfe4d140decbe5d4f910336a2c6264e31de,965c0b9f8394ac090b095ff0945f65d34d3f8972f1e3a69aa3f16ede582e810d,0,0
7ecfe432c8daffe3f5d2c1ed764d926f2e515890df952e3b9824cbacaef607fc,965c0b9f8394ac090b095ff0945f65d34d3f8972f1e3a69aa3f16ede582e810d,1,1
a1ca0438625a116b619199ff6981706480219ca1b90e9c32d84481b6710004a5,965c0b9f8394ac090b095ff0945f65d34d3f8972f1e3a69aa3f16ede582e810d,2,0
a9721f958bf0dabc981f19bdef79178edfed6ca0cd957bd7dd45316565a3a4ef,525d90c68473f5d2dff0320de01e0777516ec9e10d3c8e364f5f5787d2c56e2a,0,2
e13122d9da43231d310fe334b74dd1ebd25fb57f175d1f5e1bc26a6fb3bdfce7,525d90c68473f5d2dff0320de01e0777516ec9e10d3c8e364f5f5787d2c56e2a,1,1
24d68e49cc49bbd1dcd503298076245fad7344c1d609f569561b445b74ca451c,525d90c68473f5d2dff0320de01e0777516ec9e10d3c8e364f5f5787d2c56e2a,2,2
88b07cd16d14ec7bb25080a426fef763d9188851ab511c884c07369a27a514f4,018592b4285e461c0d435b31fea788f32e017c500320fbae08e558026593fe21,0,2
b76a709394c688afa68a91c903d83ccea86eec9a5a71686a3ecc8af3c26b28f7,018592b4285e461c0d435b31fea788f32e017c500320fbae08e558026593fe21,1,1
d6c6dea3d2e9b90df179bc040148e07184ba92a3ee8c8fca9806027369e40ad6,018592b4285e461c0d435b31fea788f32e017c500320fbae08e558026593fe21,2,2
09ce1333819cb62eeb16b94a686f62f031a0a04ea0c0ee14a46af62bd9d47785,d5a0b5135b20c68902820d0330129618d8c8e4db2591042dd9e6d52032329016,0,2
c63f5ce6e62009c71625df73575d8c52a00093dc317ea1d4374d0c57e6c5df34,d5a0b5135b20c68902820d0330129618d8c8e4db2591042dd9e6d52032329016,1,1
0627b61fdc4a583a92f66585629e75ea6f16863edf79516df16d6344a4e73e95,d5a0b5135b20c68902820d0330129618d8c8e4db2591042dd9e6d52032329016,2,1
b9914f15cd2c5d4175c3592449583662210197d41fda559ca538afefb8814515,7c5a03e3c248e823d460d120f72e78a4c8ef8ab784db1482f0b7c52f3b185c46,0,2
d263466f0df9f373370ab1a30f792264c6bde51a15d86db7074cb585976b7c5d,7c5a03e3c248e823d460d120f72e78a4c8ef8ab784db1482f0b7c52f3b185c46,1,1
642e9a0d0546d04618b43732310b9227c132cfc5a3ec16390b46b1f35e0b3e2d,7c5a03e3c248e823d460d120f72e78a4c8ef8ab784db1482f0b7c52f3b185c46,2,2
f65c26d31094493242b9e986ea6212d1d8c51ef06bc4f59cd1eb4901414c24b9,ce1e25554a16f901b601ca5820f18b8a690b986608f5181e6d0a2faab6ea5b9a,0,0
b8d85cb4a45e3790de65a1b71bca97b734a3788ebab5e6587e0b280ca0c1c5b2,ce1e25554a16f901b601ca5820f18b8a690b986608f5181e6d0a2faab6ea5b9a,1,2
e8fd019b72dda4fb51f5eeefa4ec13eeed66399505e92422202680ce6f582de5,ce1e25554a16f901b601ca5820f18b8a690b986608f5181e6d0a2faab6ea5b9a,2,2
83a7717581b456e855d7ab087faf0adec0616513dd12d48d4684b6ce71dc81ed,7144360bea69952ed103d6682a973db51137f62ceb44b0e6d28a1f85b2b86a4b,0,2
c33407478218a57b207463ecdaa9452fbfcccb6c921db1d46b9441e0418c3f77,7144360bea69952ed103d6682a973db51137f62ceb44b0e6d28a1f85b2b86a4b,1,1
d1230ea45d26c420e04f6d33606b643b0ab3db39f76ecbd60a4db53c5b2a13da,7144360bea69952ed103d6682a973db51137f62ceb44b0e6d28a1f85b2b86a4b,2,2
103aaf2d49331fcf9f06e950b9dfc253d25367d9f46161455a8d6119656d4ab0,4c504956b450ba9005026e881df287be3e7aba6ff4d485f3f85d8bf5bfde9465,0,0
b195aa50dd046751d375f7f8c15152c697bf22c9c3bfb9dec9332746735733a6,4c504956b450ba9005026e881df287be3e7aba6ff4d485f3f85d8bf5bfde9465,1,0
ed0f9f557afa944bcdf7e74b09ee5d9a2e6413750b4e11b78a17fb1823c03c06,4c504956b450ba9005026e881df287be3e7aba6ff4d485f3f85d8bf5bfde9465,2,2
594e62a74595480e3872609125192becd2e4cae48648ac3adca6cce0b46f8479,606de25d20e0bc1b40a2a98b2bf1206efc632a5c389a3fc5936447f20a910f61,0,2
e0ab16cbb344135c30118da7110cfd437be7c92e901d310c9d43f63bb0fad489,606de25d20e0bc1b40a2a98b2bf1206efc632a5c389a3fc5936447f20a910f61,1,1
6dfccfe112cfe3e4d57f8ef729ddd7dd036aa23c434e88ed7d790c082c40fa89,606de25d20e0bc1b40a2a98b2bf1206efc632a5c389a3fc5936447f20a910f61,2,1
b3c0a8666b4529eaf635c805d436d22fde16a92cb9b9fa1073344c01e7804e7e,d1d249a00c06f2e1b9e9c30fed48cf641f1882d91db3687bd49624e7fe8bbe2d,0,0
c5701fa23bb1e961d9ab4dfee56f855db017aa40513d8cc7fd9488ed2b593cc1,d1d249a00c06f2e1b9e9c30fed48cf641f1882d91db3687bd49624e7fe8bbe2d,1,1
27c1b3f5d5bdbd8c682c6063acb01f3255d66b41c4e5c5e04baef7b118af5ff8,d1d249a00c06f2e1b9e9c30fed48cf641f1882d91db3687bd49624e7fe8bbe2d,2,2
702f3f7a234fc1af103db535ee82a310d7d4285dddd02b73308eb0958466cf70,8b35aa114b92777116cb6cee5789d3698e6fb9636e646d67e4d1c5be279b0bd3,0,2
9cd665ce0016dbaff419f61cb9477a2fd6761158280782401f50af38d6d2b4b3,8b35aa114b92777116cb6cee5789d3698e6fb9636e646d67e4d1c5be279b0bd3,1,1
2d0cba8c541785d8bfc4c43ae38fd59a93fe9871319a782af308494a3db36bb4,8b35aa114b92777116cb6cee5789d3698e6fb9636e646d67e4d1c5be279b0bd3,2,2
0285891edbc75f455daddd4b2fae97f15ebb6314903ae66fb074536ecee59bfe,cdcc5b796696401696f19ea19aa270feeec8ad79a67eb997c216fc3ebd353bcc,0,0
11d7969f8c557f1d501a0acc0299e194aa2f1077e8127591ede2c9f5ceebcd6d,cdcc5b796696401696f19ea19aa270feeec8ad79a67eb997c216fc3ebd353bcc,1,1
45b71f471cd1e4b4e69b457ab015ec15fca735c9049e691f99579a53bbdb2d86,cdcc5b796696401696f19ea19aa270feeec8ad79a67eb997c216fc3ebd353bcc,2,2
18a41b7a80f817b9d934487626987beaf3fade8589c6cab4b361f7f8621527e6,f23eb610fd10d679978e705bbbdb7636c6638d84b349f325aafec25294206156,0,0
32083e33eef2a10a80b5702ca3e1fd010fdaa53fe691906b616cd5723b9dc692,f23eb610fd10d679978e705bbbdb7636c6638d84b349f325aafec25294206156,1,2
bf00c13741f5b4c1ac6df9f6cd97c5e2a38869090efc3f7bd1d32619f65398ee,f23eb610fd10d679978e705bbbdb7636c6638d84b349f325aafec25294206156,2,0
c78c6f79e614b609ee6b37f5dabeef5f845dfc85e968056a4fbc2233da3d2973,67e308d596339d050779e5a0b0effe46ad3aeab8521d7a413ec7f89ce455136d,0,2
6353b10157fc1100d27cc732cabf8c00d565b13c4bfd538334ffb656de82f6f9,67e308d596339d050779e5a0b0effe46ad3aeab8521d7a413ec7f89ce455136d,1,1
401f263890c013b2fe4c2580c556050464a4d17c5aaacdd68e0aa36f21253046,67e308d596339d050779e5a0b0effe46ad3aeab8521d7a413ec7f89ce455136d,2,2
e432045d8c19b1aefe634108168423981caa3901882c369c801ab75da6afb95e,7e4072f1512782d921bf77066f9103803e2dc75b0505c14ccdca45d49e7d13e5,0,2
aa98eeaa5ab36d1ed0d6fd23b9d10e0f1b468821797fad44b1f68d14534aff19,7e4072f1512782d921bf77066f9103803e2dc75b0505c14ccdca45d49e7d13e5,1,1
1170247b5a478ac756986a53ce53b8941ef57b06aec87e4a302ecec71389658a,7e4072f1512782d921bf77066f9103803e2dc75b0505c14ccdca45d49e7d13e5,2,2
b0e2338aafe2bee6add5ad373a5f501d2ed2f52a41ed94418450c13893705675,9ea03bc9bdc9e237d1e1c386dc06f6be0eaeee5df803b0b8924676acbb252ac1,0,2
19bd4b06dfdd0afd4a2857a2f0058dce69d0a8afd949f1584667432ee6423467,9ea03bc9bdc9e237d1e1c386dc06f6be0eaeee5df803b0b8924676acbb252ac1,1,1
5b96717ba69089472cb43518cf02114f5cafa6f587eb4faacdaaaa129c54db00,9ea03bc9bdc9e237d1e1c386dc06f6be0eaeee5df803b0b8924676acbb252ac1,2,2
2d85ca968797243d0576a767a013fe616d51fed1333879afb9a02579814c6188,fadc81763d227054c20f710f6302419100d11234c527ac79029fffad46ac077e,0,1
d54b1216a0d7433d5159a88eae99f099cb8dd5a101389b631c6ad6a5e6a81ac8,fadc81763d227054c20f710f6302419100d11234c527ac79029fffad46ac077e,1,1
5ce36cbff295d32a7a61172b481570abcb465961a2f1c2c261134833d00fbfa7,fadc81763d227054c20f710f6302419100d11234c527ac79029fffad46ac077e,2,2
03da732d856d9f23174bfcc9d9f93d2174c9410ae8603e1853565ce3e88ea2cf,7df92ac4ce3707e63bb95d67ea3c932b26eaa0b0888a7307a0f8a42f32767790,0,2
1b56824fa50336638d6b58a535225a14d5f5c79273556102ac1bb28b255f5fb0,7df92ac4ce3707e63bb95d67ea3c932b26eaa0b0888a7307a0f8a42f32767790,1,1
9fe208c5f0a0901fa4891eac9415e46e06f7c24d1aa33e80c1a33a5b644ca060,7df92ac4ce3707e63bb95d67ea3c932b26eaa0b0888a7307a0f8a42f32767790,2,2
ce916a1e6efe854194425afd8e7b3dd82ab6244e7e7f739a5d694b567f7af3e1,09510fb3866d2796e8ce318a7f30b4eaf799c023971927b7296e3fdb6caea892,0,0
6ec288a189fce7eb78727331b79894b52ec56ef38916afb1124c8119ffeb69fd,09510fb3866d2796e8ce318a7f30b4eaf799c023971927b7296e3fdb6caea892,1,1
dd84aa3d10f3f094933001e21d5b320a6a251a71112e119f91cfd431ca1e6f6c,09510fb3866d2796e8ce318a7f30b4eaf799c023971927b7296e3fdb6caea892,2,0
102c3b99aebc94863b9b14d66368569607b440129eeb134b0a61904fe2ff5417,504cf80f5ce66cba7bb5ba01f862d68c021fcfdd6e2e5b0efab4b24cf4457a23,0,2
1bbc699067b0c3ec878ff1134acb0cf2a0dc3d84c378a3a56c458fbe88e1da60,504cf80f5ce66cba7bb5ba01f862d68c021fcfdd6e2e5b0efab4b24cf4457a23,1,1
3166e29805c6a1144f5877c0c8291e2693f5eb92cc696118c4c559a1634d958c,504cf80f5ce66cba7bb5ba01f862d68c021fcfdd6e2e5b0efab4b24cf4457a23,2,2
9b3b760336a75c78fc778c1ef3cd650f28f8bf743eb535ac78c5ddd4c304e50c,54b513d29bf43cf89778d54fe0d80e3c189b15a89d255660f8472b66398a8b21,0,0
f054b60bf310b4133f996903864a691346f7f9f2052fa025d026f9dd8375f814,54b513d29bf43cf89778d54fe0d80e3c189b15a89d255660f8472b66398a8b21,1,1
11264b73175b5535ab6ff51b6047407fdb9756d949868157a3d7d557ba1bcd25,54b513d29bf43cf89778d54fe0d80e3c189b15a89d255660f8472b66398a8b21,2,2
